Name,Price,Ratings
"CHUWI CoreBook X Pro Laptop 12thGen i5-12450H Processor 15.6"" Laptop with 16GB DDR4 RAM and 512GB SSD, FHD Display, Backlit Keyboard, Windows 11, Gray, 3xUSB3.0,1xHDMI,SD Card Slot,3.5MM,Camera Switch","₹32,990",3.6
"HP 15, 12th Gen Intel Core i5-1235U Laptop (16GB DDR4, 512GB SSD), Anti-Glare, Micro-Edge, 15.6""/39.6cm, FHD, Win 11, Office 21, Silver, 1.69kg, Intel Iris Xe Graphic, HD Camera, Backlit KB, fy5009tu","₹50,990",4.0
"Lenovo IdeaPad Slim 3, Intel Core i5-12450H, 12th Gen, 16GB RAM, 512GB SSD, FHD, 14""/35.5cm, Windows 11, MS Office Home 2024, Grey, 1.37Kg, 83EQ0072IN, Alexa Built-in, 3 mon. Game Pass Laptop","₹49,990",3.9
"Lenovo V15 G4 AMD Ryzen 5 7520U 15.6 inch FHD Thin & Lite Laptop, AMD Graphics, 16GB DDR5 5500Mhz Ram, 512GB SSD NVMe, Windows 11, Dolby Audio, Arctic Grey, 1 Year Onsite Brand Warranty","₹34,990",4.6
"HP 15s Core i5 12th Gen (8GB RAM/512GB SSD/FHD/15.6"" (39.6 cm)/Windows 11/MS Office/Backlit Keyboard/Silver/1.69 kg) fq5329TU Laptop","₹43,990",4.0
"Apple MacBook Air Laptop: Apple M1 chip, 13.3-inch/33.74 cm Retina Display, 8GB RAM, 256GB SSD Storage, Backlit Keyboard, FaceTime HD Camera, Touch ID. Works with iPhone/iPad; Space Grey","₹60,990",4.6
"Acer Aspire 3, Intel Celeron N4500, 8GB LPDDR4X, 512GB SSD, HD, 15.6""/39.63cm, Windows 11 Home, Pure Silver, 1.5KG, A325-45, 38 WHR, HD Webcam Laptop","₹22,990",3.4
"Lenovo V15 AMD Ryzen 3 7320U 15.6"" (39.62cm) FHD 250 Nits Antiglare Thin and Light Laptop (8GB/512GB SSD/Windows 11 Home/Arctic Grey/1.63 Kg), 83CQ000XIN","₹25,990",3.9
"ASUS Vivobook Go 14, AMD Ryzen 3 7320U, Thin and Light Laptop, 14"" (35.56 cm) FHD, (8 GB RAM/512GB SSD/Windows 11/Office 2021/42WHr /Black/1.38 kg), E1404FA-NK325WS","₹29,990",4.0
"HP 15s, 12th Gen Intel Core i3-1215U Laptop (8GB DDR4, 512GB SSD) Anti-Glare, 15.6""/39.6cm,FHD, Win 11, MS Office 21, Silver, 1.69kg, Intel UHD Graphics, HD Camera, Dual Speakers, fy5006tu","₹34,790",4.1
"ASUS Vivobook 15,13th Gen,Intel Core i7-13620H(Intel UHD iGPU/16GB RAM/512GB SSD/FHD/15.6""/60Hz/Backlit Keyboard/Windows 11/M365 Basic (1Year)*/Office Home 2024/Quiet Blue/1.70 kg) X1502VA-BQ838WS","₹63,990",1.9
"ASUS Vivobook 16,Intel Core Ultra 5 (Series 2),Thin & Light(Intel iGPU/16GB RAM/512GB SSD/FHD+/16""/60Hz/Backlit Keyboard/Windows 11/M365 Basic (1Year)*/Office Home 2024/Blue/1.88 kg) X1607CA-MB139WS","₹75,990",3.2
"HP 15, AMD Ryzen 3 7320U Laptop (8GB LPDDR5, 512GB SSD) Anti-Glare, Micro-Edge, 15.6""/39.6cm,FHD, Win 11, Silver, 1.59kg, AMD Radeon Graphics, 1080p HD Camera, fc0154AU","₹29,990",4.1
"JioBook 11 with Lifetime Office/Android 4G Laptop Mediatek 8788 (JioOS) / Octa-core/ 4GB RAM / 64 eMMC Storage/Thin and Light Laptop (11.6 inch, 990 Grams)/ Dual Band WiFi + SIM/Blue","₹12,990",3.0
"4G, 2025(New, WiFi+4G) Android Based MediaTek MT8788 - (PrimeOS) 4G SIM Slot, Thin and Light Laptop (11.6 Inch, 1.065 Kg, Type C, USB, HDMI, MicroSD) (4GB/64GB eMMC Storage, Black)","₹12,990",4.5
"Lenovo V14 G3, 12th Gen Intel Core i7-1255U Upto 4.70Ghz (16GB RAM/512GB SSD/Windows 11) 14.0"" FHD Display Thin and Light Laptop/Iron Grey /1.70 kg 1 Year Onsite Brand Warranty with MS Office","₹44,988",4.2
"Acer Aspire Lite, AMD Ryzen 5-5625U, 16GB RAM, 512GB SSD, Full HD, 15.6""/39.62cm, Windows 11 Home, Steel Gray, 1.59KG, Premium Metal Body, AL15-41, Thin and Light Laptop","₹34,490",4.0
"Acer One 11 Intel Celeron N4500 (Windows 11 Home/ 8 GB/ 256 GB SSD) 29.64 cm (11.6"") Anti Glare HD Laptop, Z8-284, 1.1 KG, Deep Blue","₹17,990",3.0
"ACER One 14 AMD Ryzen 3 Dual Core 3250U - (8 GB/512 GB SSD/Windows 11 Home) Z2-493 Thin and Light Laptop (14 inch HD Display, Silver, 1.5 Kg) 2 Years Brand Warranty","₹22,990",3.7
"Ultimus PRO Intel Dual Core ~2.4GHz (4 GB/128 GB EMMC Storage/Windows 11 Home) NU14U6INC43BN-CS Thin and Light Laptop (14 Inch, Cloud Silver, 1.2 kg)","₹11,990",5.0
"ASUS Zenbook A14,Snapdragon X,Copilot+ AI PC(Qualcomm Adreno iGPU/45TOPS/16GB/512GB/FHD+/14""/Backlit Keyboard/70WHr/Windows 11/M365 Basic(1Year)*/Office Home 2024/Iceland Gray/0.98 kg)UX3407QA-QD259WS","₹99,990",5.0
"ASUS Vivobook S14,Intel Core Ultra 5 (Series 2),Copilot+ AI PC(Intel Arc iGPU/40TOPS/16GB RAM/512GB SSD/FHD+/14""/60Hz/Windows 11/M365 Basic (1Year)*/Office Home 2024/Mist Blue/1.30 kg) S5406SA-QD098WS","₹94,990",No rating
No name,No price,No rating
No name,No price,No rating
No name,No price,No rating
No name,No price,No rating
No name,No price,No rating
No name,No price,No rating
"CHUWI CoreBook X Pro Laptop 12thGen i5-12450H Processor 15.6"" Laptop with 16GB DDR4 RAM and 512GB SSD, FHD Display, Backlit Keyboard, Windows 11, Gray, 3xUSB3.0,1xHDMI,SD Card Slot,3.5MM,Camera Switch","₹32,990",3.6
"Lenovo Thinkbook 16 AMD Ryzen 7 16"" WUXGA IPS Antiglare 300 NITS Thin and Light Laptop (16GB Ram/512GB SSD/Windows 11 Home/Fpr/Office 2021/Arctic Grey/1 Year Onsite/1.7 Kg), 21KKA0G1IN","₹52,990",4.1
"Lenovo IdeaPad Slim 3, Intel Core i5-12450H, 12th Gen, 16GB RAM, 512GB SSD, FHD, 14""/35.5cm, Windows 11, MS Office Home 2024, Grey, 1.37Kg, 83EQ0072IN, Alexa Built-in, 3 mon. Game Pass Laptop","₹49,990",3.9
"Lenovo V15 G4 AMD Ryzen 5 7520U 15.6 inch FHD Thin & Lite Laptop, AMD Graphics, 16GB DDR5 5500Mhz Ram, 512GB SSD NVMe, Windows 11, Dolby Audio, Arctic Grey, 1 Year Onsite Brand Warranty","₹34,990",4.6
"HP 15s Core i5 12th Gen (8GB RAM/512GB SSD/FHD/15.6"" (39.6 cm)/Windows 11/MS Office/Backlit Keyboard/Silver/1.69 kg) fq5329TU Laptop","₹43,990",4.0
"Apple MacBook Air Laptop: Apple M1 chip, 13.3-inch/33.74 cm Retina Display, 8GB RAM, 256GB SSD Storage, Backlit Keyboard, FaceTime HD Camera, Touch ID. Works with iPhone/iPad; Space Grey","₹60,990",4.6
"Acer Aspire 3, Intel Celeron N4500, 8GB LPDDR4X, 512GB SSD, HD, 15.6""/39.63cm, Windows 11 Home, Pure Silver, 1.5KG, A325-45, 38 WHR, HD Webcam Laptop","₹22,990",3.4
"Lenovo V15 AMD Ryzen 3 7320U 15.6"" (39.62cm) FHD 250 Nits Antiglare Thin and Light Laptop (8GB/512GB SSD/Windows 11 Home/Arctic Grey/1.63 Kg), 83CQ000XIN","₹25,990",3.9
"ASUS Vivobook Go 14, AMD Ryzen 3 7320U, Thin and Light Laptop, 14"" (35.56 cm) FHD, (8 GB RAM/512GB SSD/Windows 11/Office 2021/42WHr /Black/1.38 kg), E1404FA-NK325WS","₹29,990",4.0
"HP 15s, 12th Gen Intel Core i3-1215U Laptop (8GB DDR4, 512GB SSD) Anti-Glare, 15.6""/39.6cm,FHD, Win 11, MS Office 21, Silver, 1.69kg, Intel UHD Graphics, HD Camera, Dual Speakers, fy5006tu","₹34,790",4.1
"ASUS Vivobook 15, Intel Core i3-1315U, 13th Gen, 8GB RAM, 512GB SSD, FHD, 15.6""/39.62cm, Windows 11, MS Office, Silver, 1.7KG, X1504VA-NJ320WS, Backlit Keyboard, Thin and Light Laptop","₹36,990",4.3
"ASUS Vivobook 15,13th Gen,Intel Core i7-13620H(Intel UHD iGPU/16GB RAM/512GB SSD/FHD/15.6""/60Hz/Backlit Keyboard/Windows 11/M365 Basic (1Year)*/Office Home 2024/Quiet Blue/1.70 kg) X1502VA-BQ838WS","₹63,990",1.9
"HP 15, AMD Ryzen 3 7320U Laptop (8GB LPDDR5, 512GB SSD) Anti-Glare, Micro-Edge, 15.6""/39.6cm,FHD, Win 11, Silver, 1.59kg, AMD Radeon Graphics, 1080p HD Camera, fc0154AU","₹29,990",4.1
"4G, 2025(New, WiFi+4G) Android Based MediaTek MT8788 - (PrimeOS) 4G SIM Slot, Thin and Light Laptop (11.6 Inch, 1.065 Kg, Type C, USB, HDMI, MicroSD) (4GB/64GB eMMC Storage, Black)","₹12,990",4.5
"JioBook 11 with Lifetime Office/Android 4G Laptop Mediatek 8788 (JioOS) / Octa-core/ 4GB RAM / 64 eMMC Storage/Thin and Light Laptop (11.6 inch, 990 Grams)/ Dual Band WiFi + SIM/Blue","₹12,990",3.0
"Lenovo V14 G3, 12th Gen Intel Core i7-1255U Upto 4.70Ghz (16GB RAM/512GB SSD/Windows 11) 14.0"" FHD Display Thin and Light Laptop/Iron Grey /1.70 kg 1 Year Onsite Brand Warranty with MS Office","₹44,988",4.2
"Acer Aspire Lite, AMD Ryzen 5-5625U, 16GB RAM, 512GB SSD, Full HD, 15.6""/39.62cm, Windows 11 Home, Steel Gray, 1.59KG, Premium Metal Body, AL15-41, Thin and Light Laptop","₹34,490",4.0
"Acer One 11 Intel Celeron N4500 (Windows 11 Home/ 8 GB/ 256 GB SSD) 29.64 cm (11.6"") Anti Glare HD Laptop, Z8-284, 1.1 KG, Deep Blue","₹17,990",3.0
"ACER One 14 AMD Ryzen 3 Dual Core 3250U - (8 GB/512 GB SSD/Windows 11 Home) Z2-493 Thin and Light Laptop (14 inch HD Display, Silver, 1.5 Kg) 2 Years Brand Warranty","₹22,990",3.7
"Ultimus PRO Intel Dual Core ~2.4GHz (4 GB/128 GB EMMC Storage/Windows 11 Home) NU14U6INC43BN-CS Thin and Light Laptop (14 Inch, Cloud Silver, 1.2 kg)","₹11,990",5.0
"Lenovo IdeaPad Slim 1 Intel® Celeron® N4020 15.6 inch (39.6cm) Thin & Light Laptop (8GB RAM/512GB SSD/Windows 11 Home/Office Home & Student 2024/1Yr ADP Free/Cloud Grey/1.54Kg), 82V700L2IN","₹25,990",2.9
"ASUS Vivobook 16,Intel Core Ultra 5 (Series 2),Thin & Light(Intel iGPU/16GB RAM/512GB SSD/FHD+/16""/60Hz/Backlit Keyboard/Windows 11/M365 Basic (1Year)*/Office Home 2024/Blue/1.88 kg) X1607CA-MB139WS","₹75,990",3.2
No name,No price,No rating
No name,No price,No rating
No name,No price,No rating
No name,No price,No rating
No name,No price,No rating
No name,No price,No rating
"ASUS Vivobook 15,13th Gen,Intel Core i7-13620H(Intel UHD iGPU/16GB RAM/512GB SSD/FHD/15.6""/60Hz/Backlit Keyboard/Windows 11/M365 Basic (1Year)*/Office Home 2024/Quiet Blue/1.70 kg) X1502VA-BQ838WS","₹63,990",1.9
"ASUS Vivobook 16,Intel Core Ultra 5 (Series 2),Thin & Light(Intel iGPU/16GB RAM/512GB SSD/FHD+/16""/60Hz/Backlit Keyboard/Windows 11/M365 Basic (1Year)*/Office Home 2024/Blue/1.88 kg) X1607CA-MB139WS","₹75,990",3.2
"FUTOPIA Ultimus PRO Intel Dual Core ~2.4GHz (4 GB/128 GB EMMC Storage/Windows 11 Home) NU14U6INC43BN-CS Thin and Light Laptop (14 Inch, Cloud Silver, 1.2 kg)","₹11,990",5.0
"HP 255 G10 AMD Ryzen 5 Quad Core 7520U 2.8Ghz Upto 4.3Ghz - (8 GB/512 GB SSD/Windows 11) 255 G10 Thin and Light Laptop (15.6 inch, Matt Silver, 1.45 kg)","₹28,980",5.0
"Lenovo V15 Intel Celeron N4500 15.6"" (39.62 cm) FHD (1920x1080) Antiglare 250 Nits Thin and Light Laptop (8GB RAM/256GB SSD/Windows 11 Home/Black/1Y Onsite/1.7 kg), 82QYA00MIN","₹21,990",3.8
"ASUS Vivobook 16X 12th Gen,Intel Core i5-12500H Creator/Gaming Laptop(NVIDIA RTX 2050-4GB/16GB/512GB/FHD+/16.0""/144Hz/Backlit KB/50WHr/Windows 11/Office 2021/Cool Silver/1.67 kg) K3605ZF-RP258WS","₹57,990",3.5
"Lenovo V14 G3 14"" FHD Laptop, Intel Core i5-1235U, 16GB DDR4 RAM, 512GB SSD, Intel Iris Xe Graphics, Windows 11, Ms-Office Lifetime Validity, Iron Grey,1.6kg, 1 Year Onsite Brand Warranty","₹40,989",5.0
"ASUS Vivobook Go 15 (2023), AMD Ryzen 5 7520U, Thin & Light Laptop,15.6"" (39.62 cm) FHD, (16GB/512GB SSD/Windows 11/Office 2021/Alexa Built-in/Mixed Black/1.63 kg), E1504FA-NJ542WS","₹38,990",3.8
"Primebook S 4G, 2025(New, WiFi+4G) Android Based MediaTek MT8788 - (PrimeOS) 4G SIM Slot, Thin and Light Laptop (11.6 Inch, 1.065 Kg, Type C, USB, HDMI, MicroSD) (4GB/128GB eMMC Storage, Black)","₹15,490",4.5
"HP 15s,12th Gen Intel Core i3-1215U, 8GB DDR4, 256GB SSD, Anti-Glare, Micro-Edge, 15.6-inch(39.6cm) FHD Laptop, Intel UHD Graphics, Full-Size KB (Win 11, Office 21, Silver, 1.69kg) fy5010tu","₹30,999",4.1
"ASUS Vivobook S14,Intel Core Ultra 5 (Series 2),Copilot+ AI PC(Intel Arc iGPU/40TOPS/16GB RAM/512GB SSD/FHD+/14""/60Hz/Windows 11/M365 Basic (1Year)*/Office Home 2024/Mist Blue/1.30 kg) S5406SA-QD098WS","₹94,990",No rating
"MSI Thin 15, Intel Core i5-13420H, 40CM FHD 144Hz Gaming Laptop(8GB/512GB NVMe SSD/Windows 11 Home/NVIDIA GeForce RTX 2050,GDDR6 4GB /Cosmos Gray/1.86Kg), B13UCX-1808IN","₹56,990",3.3
"ASUS TUF Gaming A15, 15.6"" (39.62cm) FHD 16:9 144Hz, AMD Ryzen 7 7435HS, Gaming Laptop (16 DDR5/512GB SSD/NVIDIA GeForce RTX 2050/Windows 11 Home/Graphite Black/2.30 Kg), FA506NFR-HN045W","₹58,990",3.9
"HP Pavilion 14, 12th Gen Intel Core i7-1255U, 16GB DDR4, 1TB SSD, (Win11, Office21, Silver,1.41 kg), IPS, Micro-edge, BrightView,14-inch (35.6cm) FHD Laptop, Intel Iris Xe graphics, HD camera,dv2015TU","₹75,990",4.0
"HP 255 Notebook, AMD Athlon Silver 7120U,8GB DDR4, 256GB SSD, 15.6-inch(39.6cm),Anti-Glare, HD Laptop, Radeon Graphics, (Win 11, Silver,1.52kg) G10","₹23,300",No rating
"Lenovo IdeaPad Slim 3, Intel Core i5-12450H 12th Gen, 16GB RAM, 512GB SSD, FHD 250Nits, 14""/35.5cm, Windows 11, MSOffice 21, Grey, 1.37Kg, 83EQ005VIN,1Yr Warranty,Alexa Built-in,3 mon. GamePass Laptop","₹49,990",3.9
"Samsung Galaxy Book4 (Silver, 16GB RAM, 512GB SSD) | 15.6"" Full HD Screen | Intel Core 5 120U Processor | Windows 11 Home | MS Office 2021 | Fingerprint Reader | Intel Iris XE Graphics | RJ45 LAN Port","₹52,490",4.3
"Acer [Smartchoice] Aspire Lite AMD Ryzen 3 5300U Premium Thin and Light Laptop (Windows 11 Home/8 GB RAM/512 GB SSD) AL15-41 with 39.62 cm (15.6"") Full HD Display, Metal Body, Steel Gray, 1.6 KG","₹26,990",4.0
"Acer Aspire Lite AMD Ryzen 3 5300U Premium Thin and Light Laptop (8 GB RAM/256 GB SSD/Win11 Home) AL15-41 with 39.62 cm (15.6"") Full HD Display, Metal Body, Steel Gray, 1.6 KG","₹25,990",4.0
"ASUS Vivobook 15, Intel Core i3-1215U, 15.6"" FHD 16:9 60Hz 250nits, (8GB RAM/512GB SSD/Intel UHD Graphics/Win 11 Home/Office 2021/Backlit/42WHr Battery/Cool Silver/1.7 Kg), X1504ZA-NJ320WS","₹32,990",3.8
"ASUS Vivobook 15,13th Gen,Intel Core i3-1315U (Intel UHD iGPU/16GB RAM/512GB SSD/FHD/15.6""/60Hz/Backlit Keyboard/Windows 11/M365 Basic (1Year)*/Office Home 2024/Quiet Blue/1.70 kg) X1504VA-NJ2325WS","₹39,990",4.1
"ASUS Vivobook 15, Intel Core i3-1315U, 13th Gen, 8GB RAM, 512GB SSD, FHD, 15.6""/39.62cm, Windows 11, MS Office, Silver, 1.7KG, X1504VA-NJ320WS, Backlit Keyboard, Thin and Light Laptop","₹36,990",4.3
No name,No price,No rating
No name,No price,No rating
No name,No price,No rating
No name,No price,No rating
No name,No price,No rating
No name,No price,No rating
"ASUS Vivobook 15,13th Gen,Intel Core i7-13620H(Intel UHD iGPU/16GB RAM/512GB SSD/FHD/15.6""/60Hz/Backlit Keyboard/Windows 11/M365 Basic (1Year)*/Office Home 2024/Quiet Blue/1.70 kg) X1502VA-BQ838WS","₹63,990",1.9
"ASUS Vivobook 16,Intel Core Ultra 5 (Series 2),Thin & Light(Intel iGPU/16GB RAM/512GB SSD/FHD+/16""/60Hz/Backlit Keyboard/Windows 11/M365 Basic (1Year)*/Office Home 2024/Blue/1.88 kg) X1607CA-MB139WS","₹75,990",3.2
"Lenovo IdeaPad Slim 1 Intel® Celeron® N4020 15.6 inch (39.6cm) Thin & Light Laptop (8GB RAM/512GB SSD/Windows 11 Home/Office Home & Student 2024/1Yr ADP Free/Cloud Grey/1.54Kg), 82V700L2IN","₹25,990",2.9
"Lenovo V15 12th Gen Intel Core i7-1255U 15.6"" FHD Thin and Light Laptop (16GB RAM/512GB SSD/Windows 11 Home/MS Office Home & Student 2021/Iron Grey/1.70 kg), 82TTA073IN","₹45,990",3.4
"Lenovo IdeaPad 3, Intel Core i3-1215U, 12th Gen, 8GB RAM, 512GB SSD, FHD, 14""/35.5cm, Windows 11, MSOffice 2021, Arctic Grey, 1.43Kg, 82RJ00FUIN, 1 Year Warranty, 3months Game Pass, Thin& Light Laptop","₹33,350",3.9
"Chuwi HeroBook Pro 14.1'' Intel Celeron N4020 Laptop with 8GB RAM, 256GB SSD, Windows 11, 1TB Expand, FHD IPS, Ultra Slim, USB3.0, Mini-HDMI, Webcam","₹16,990",3.5
"Samsung Galaxy Book3 Pro Intel 13th Gen i5 EvoTM 35.56cm(14"") Dynamic Amoled 2X, 3K Display, 120Hz, Ultra Thin & Light Laptop(16 GB/512 GB SSD/Windows 11/MS Office/Graphite/1.17Kg), NP940XFG-KC1IN","₹97,150",3.7
"HP Smartchoice Victus, AMD Ryzen 5 8645HS, 6GB RTX 3050 AI Gaming Laptop, 31 TOPS (Upgradable 16GB DDR5, 512GB SSD) 144Hz, IPS, 15.6""/39.6cm, Flicker-free, Win11, M365*,Office24,Blue, 2.29kg, fb3009AX","₹69,990",3.0
"Acer Aspire 3 Laptop Intel Core Celeron N4500 Processor Laptop (8 GB LPDDR4X SDRAM/256 GB SSD/Win11 Home/38 WHR/HD Webcam) A324-45 with 35.56 cm (14"") HD Display, Pure Silver, 1.3 KG","₹21,980",3.4
"HP 15, 13th Gen Intel Core i3-1315U, 8GB DDR4, 512GB SSD, (Win 11, Office 21, Grey, 1.59kg), Anti-Glare, Micro-Edge,15.6-inch(39.6cm), FHD Laptop, Intel UHD Graphics, 1080p FHD Camera, fd0006TU","₹38,690",4.1
"ASUS Vivobook S14,Intel Core Ultra 5 (Series 2),Copilot+ AI PC(Intel Arc iGPU/40TOPS/16GB RAM/512GB SSD/FHD+/14""/60Hz/Windows 11/M365 Basic (1Year)*/Office Home 2024/Mist Blue/1.30 kg) S5406SA-QD098WS","₹94,990",No rating
"MSI Thin 15, Intel Core i5-13420H, 40CM FHD 144Hz Gaming Laptop(8GB/512GB NVMe SSD/Windows 11 Home/NVIDIA GeForce RTX 2050,GDDR6 4GB /Cosmos Gray/1.86Kg), B13UCX-1808IN","₹56,990",3.3
"HP Laptop 240R G9 (2024), Intel Core i3 13th Gen 1315U - (16GB/512GB SSD/Intel UHD Graphics/Windows 11 Home) Thin and Light Business Laptop/14 (35.56cm)/Ash Grey/1.47 kg/MS Office 2021","₹33,440",3.3
"Acer Aspire 3 Laptop Intel Core Celeron N4500 Processor Laptop (8 GB LPDDR4X SDRAM/256 GB SSD/Win11 Home/38 WHR/HD Webcam) A325-45 with 39.63 cm (15.6"") HD Display, Pure Silver, 1.5 KG","₹21,990",3.4
"Apple 2025 MacBook Air (13-inch, Apple M4 chip with 10-core CPU and 8-core GPU, 16GB Unified Memory, 256GB) - Silver","₹99,900",4.4
"HP Laptop 15s, AMD Ryzen 5 5500U, 15.6-inch (39.6 cm), FHD, 8GB DDR4, 512GB SSD, AMD Radeon Graphics, Thin & Light, Dual Speakers (Win 11, MSO 2019, Silver, 1.69 kg), eq2144AU","₹36,923",4.1
STRIFF Adjustable Laptop Tabletop Stand Patented Riser Ventilated Portable Foldable Compatible with MacBook Notebook Tablet Tray Desk Table Book with Free Phone Stand (Black),₹249,4.3
"FUTOPIA Ultimus PRO Intel Dual Core ~2.4GHz (4 GB/128 GB EMMC Storage/Windows 11 Home) NU14U3CNC43BN-MB Thin and Light Laptop (14 Inch, Gray, 1.2 kg)","₹11,990",3.6
"HP 15, 12th Gen Intel Core i5-1235U Laptop (16GB DDR4, 512GB SSD), Anti-Glare, Micro-Edge, 15.6""/39.6cm, FHD, Win 11, Office 21, Silver, 1.69kg, Intel Iris Xe Graphic, HD Camera, Backlit KB, fy5009tu","₹50,990",4.0
"Dell [Smartchoice] Windows 11 Home 3520 Laptop, Intel Core i3-1215U, 12Th Gen (8GB RAM /512GB SSD /Window 11 /MS Office' 21 /15.6""(39.62 Cm) FHD Display /15 Month Mcafee /Black /1.69Kg Thin & Light","₹33,990",3.8
"ASUS Vivobook 15,13th Gen,Intel Core i3-1315U (Intel UHD iGPU/16GB RAM/512GB SSD/FHD/15.6""/60Hz/Backlit Keyboard/Windows 11/M365 Basic (1Year)*/Office Home 2024/Quiet Blue/1.70 kg) X1504VA-NJ2325WS","₹39,990",4.1
"ASUS Zenbook S 14,Intel Core Ultra 7(Series 2),Copilot+ AI PC(Intel Arc iGPU/47TOPS/32GB/1TB/3K OLED Touchscreen/14/Windows 11/M365 Basic (1Year)*/Office Home 2024/White/1.20 kg) UX5406SA-PZ7762WS","₹1,49,906",No rating
No name,No price,No rating
No name,No price,No rating
No name,No price,No rating
No name,No price,No rating
No name,No price,No rating
No name,No price,No rating
"ASUS Vivobook 15,13th Gen,Intel Core i7-13620H(Intel UHD iGPU/16GB RAM/512GB SSD/FHD/15.6""/60Hz/Backlit Keyboard/Windows 11/M365 Basic (1Year)*/Office Home 2024/Quiet Blue/1.70 kg) X1502VA-BQ838WS","₹63,990",1.9
"ASUS Vivobook 15,13th Gen,Intel Core i3-1315U (Intel UHD iGPU/16GB RAM/512GB SSD/FHD/15.6""/60Hz/Backlit Keyboard/Windows 11/M365 Basic (1Year)*/Office Home 2024/Quiet Blue/1.70 kg) X1504VA-NJ2325WS","₹39,990",4.1
"HP 15, 13th Gen Intel Core i3-1315U, 8GB DDR4, 512GB SSD, (Win 11, Office 21, Grey, 1.59kg), Anti-Glare, Micro-Edge,15.6-inch(39.6cm), FHD Laptop, Intel UHD Graphics, 1080p FHD Camera, fd0006TU","₹38,690",4.1
"Lenovo LOQ 2024, Intel Core i7-13650HX, 13th Gen, NVIDIA RTX 4060-8GB, 24GB RAM, 512GB SSD, FHD 144Hz, 15.6""/39.6cm, Windows 11, MS Office 21, Grey, 2.4Kg, 83DV00LXIN, 1Yr ADP Free Gaming Laptop","₹99,990",3.7
"Lenovo IdeaPad Slim 3 13th Gen Intel Core i7-13620H 15.6"" (39.62cm) FHDIPS300 Nits Thin&Light Laptop (16GB/512GB SSD/Intel UHDGraphics/Win11/Office Home 2024/1YrADP Free/ARCTIC-Grey/1.6Kg), 83EM00GTIN","₹65,210",4.0
"Lenovo LOQ 2024 AMD Ryzen 7 8845HS 15.6"" (39.6cm) 144Hz 300Nits FHD IPS Gaming Laptop (16GB/1TB SSD/NVIDIA RTX 4060 8GB Graphics/100% sRGB/Win 11/ Office 2021/3 Mon. Game Pass/Grey/2.4Kg), 83DX000MIN","₹1,04,990",5.0
"Lenovo Legion 7 Intel Core i9-14900HX 16"" (40.64cm) 3.2K IPS 430Nits 165Hz Gaming Laptop (32GB/1TB SSD/Win 11/Office 2021/NVIDIA RTX 4070 8GB/100% DCI-P3/3 Month Game Pass/Grey/2.24Kg), 83FD000XIN","₹2,09,000",4.4
"Lenovo IdeaPad Pro 5 Intel Evo Core Ultra 9 185H Built-in AI 14"" (35.5cm) 2.8K-OLED 400Nits 120Hz Laptop (32GB/1TB SSD/Intel Arc GPU/Win11/MSO 21/FHD+IR Cam/1Yr ADP Free/Grey/1.4Kg), 83D2001GIN","₹99,990",4.2
"MSI Stealth 17 Studio, Intel 13th Gen. i9-13900H, 43CM FHD 144Hz Mini LED, HDR 1000 Gaming Laptop (64GB/2TB NVMe SSD/Windows 11 Home/Nvidia GeForce RTX4080, 12GB GDDR6/Core Black/3.3Kg), A13VH-055IN","₹3,19,990",2.8
"Lenovo V15 AMD Ryzen 7 7730U 15.6"" (39.62cm) FHD 250 Nits Antiglare Thin and Light Laptop (16GB/512GB SSD/Windows 11/Iron Grey/1.65 Kg) Grey","₹40,990",4.0
"MSI Thin 15, Intel Core i5-13420H, 40CM FHD 144Hz Gaming Laptop(8GB/512GB NVMe SSD/Windows 11 Home/NVIDIA GeForce RTX 2050,GDDR6 4GB /Cosmos Gray/1.86Kg), B13UCX-1808IN","₹56,990",3.3
"ASUS Vivobook S14,Intel Core Ultra 5 (Series 2),Copilot+ AI PC(Intel Arc iGPU/40TOPS/16GB RAM/512GB SSD/FHD+/14""/60Hz/Windows 11/M365 Basic (1Year)*/Office Home 2024/Mist Blue/1.30 kg) S5406SA-QD098WS","₹94,990",No rating
"Lenovo LOQ 2024, AMD Ryzen 7 7435HS, NVIDIA RTX 4050-6GB, 24GB RAM, 512GB SSD, 15.6""/39.6cm, Windows 11, MS Office Home 2024, Grey, 2.4Kg, 83JC00EGIN, 100% sRGB, 3 Mon. Game Pass Gaming Laptop","₹81,990",4.4
"ASUS TUF Gaming A15, AMD Ryzen 7 7435HS Gaming Laptop(NVIDIA RTX 3050-4GB/60W TGP/16GB RAM/512GB SSD/FHD/15.6""/144Hz/RGB KB/48WHr/Windows 11//Graphite Black/2.30 Kg) FA506NCR-HN054W","₹64,400",3.9
"Storio Toys Educational Learning Laptop Toy with LED Display and Music Effect | Preschool Learning for Babies, Girls, Boys & Toddlers | Power Source: 3xAA Battery (Not Included) - Pink",₹348,4.2
"Acer Aspire 3, Intel Core i5-1235U,Intel UHD Graphics, 16GB RAM, 1TB SSD, 14""/35.56cm IPS FHD LED-Backlit, Windows 11 Home, Steel Gray, 1.45KG, A324-51, WiFi 6, Backlit Keyboard, Metal Body Laptop","₹42,980",4.2
"MSI Modern 14, Intel 12Th Gen. I7-1255U, 36Cm FHD 60Hz Laptop(16GB/512GB NVME SSD/Windows 11 Home/Bluetooth/Mso 2021/Intel Iris Xe Graphics/Classic Black/1.4Kg), C12MO-1211IN","₹48,990",3.3
"Tygot 6 Angles Adjustable Aluminum Ergonomic Foldable Portable Tabletop Laptop/Desktop Riser Stand Holder Compatible for MacBook, HP, Dell, Lenovo & All Other Notebook (Grey)",₹329,4.3
"HP 15, 12th Gen Intel Core i5-1235U Laptop (16GB DDR4, 512GB SSD), Anti-Glare, Micro-Edge, 15.6""/39.6cm, FHD, Win 11, Office 21, Silver, 1.69kg, Intel Iris Xe Graphic, HD Camera, Backlit KB, fy5009tu","₹50,990",4.0
"Dell Inspiron 5630 13th Gen Laptop, Intel Core i5-1340P Processor/16Gb LPDDR5/512GB /16.0"" (40.64cm) FHD+ WVA AG 250 nits/Backlit KB + FPR/Windows 11+ MSO'21/McAfee 15 Months/Platinum Silver/1.85kg","₹63,999",4.7
"Lenovo IdeaPad Slim 1 Intel® Celeron® N4020 15.6 inch (39.6cm) Thin & Light Laptop (8GB RAM/512GB SSD/Windows 11 Home/Office Home & Student 2024/1Yr ADP Free/Cloud Grey/1.54Kg), 82V700L2IN","₹25,990",2.9
"ASUS Vivobook 16,Intel Core Ultra 5 (Series 2),Thin & Light(Intel iGPU/16GB RAM/512GB SSD/FHD+/16""/60Hz/Backlit Keyboard/Windows 11/M365 Basic (1Year)*/Office Home 2024/Blue/1.88 kg) X1607CA-MB139WS","₹75,990",3.2
No name,No price,No rating
No name,No price,No rating
No name,No price,No rating
No name,No price,No rating
No name,No price,No rating
No name,No price,No rating
"CHUWI CoreBook X Pro Laptop 12thGen i5-12450H Processor 15.6"" Laptop with 16GB DDR4 RAM and 512GB SSD, FHD Display, Backlit Keyboard, Windows 11, Gray, 3xUSB3.0,1xHDMI,SD Card Slot,3.5MM,Camera Switch","₹32,990",3.6
"HP Pavilion x360, 13th Gen Intel Core i5-1335U, 14-inch (35.6 cm), FHD, Touchscreen, 16GB DDR4, 1TB SSD, FPR, 5 MP Camera, Backlit KB, Audio by B&O, Pen (Win 11, MSO 2021, Silver, 1.51 kg), ek1010TU","₹77,990",3.8
"HP Victus, AMD Ryzen 7 8845HS, 16GB DDR5, 512GB SSD, 6GB NVIDIA RTX 4050, (Win 11, Office 21, Blue, 2.3kg) 144Hz, IPS, 15.6-inch(39.6 cm) Flicker-Free FHD Gaming Laptop, Enhanced Cooling, fb2114AX","₹84,490",3.7
"Samsung Galaxy Book4 (Gray, 16GB RAM, 512GB SSD) | 15.6"" Full HD Screen | Intel Core i5 1335U Processor | Windows 11 Home | MS Office 2021 | Fingerprint Reader | Intel Iris XE Graphics | RJ45 LAN Port","₹53,700",4.0
"Lenovo Legion Pro 5 AMD Ryzen 9 7945HX 16"" (40.64cm) WQXGA-IPS 240Hz 500Nits Gaming Laptop (32GB/1TB SSD/Win 11/Office 2021/NVIDIA RTX 4070 8GB/Alexa/3 Month Game Pass/Onyx Grey/2.5Kg), 82WM00FFIN","₹2,00,898",No rating
"Lenovo V15 AMD Ryzen 7 7730U 15.6"" (39.62cm) FHD 250 Nits Antiglare Thin and Light Laptop (16GB/512GB SSD/Windows 11/Iron Grey/1.65 Kg) Grey","₹40,990",4.0
"Acer Aspire 3, Intel Core i5-1235U,Intel UHD Graphics, 16GB RAM, 1TB SSD, 14""/35.56cm IPS FHD LED-Backlit, Windows 11 Home, Steel Gray, 1.45KG, A324-51, WiFi 6, Backlit Keyboard, Metal Body Laptop","₹42,980",4.2
"Dell Inspiron 5630 13th Gen Laptop, Intel Core i5-1340P Processor/16Gb LPDDR5/512GB /16.0"" (40.64cm) FHD+ WVA AG 250 nits/Backlit KB + FPR/Windows 11+ MSO'21/McAfee 15 Months/Platinum Silver/1.85kg","₹63,999",4.7
"ASUS ROG Zephyrus G16, Intel Core Ultra 9 185H Gaming Laptop(NVIDIA RTX 4070-8GB/105W TGP/32GB RAM/1TB SSD/2.5K QHD+/16""/240Hz/RGB KB/90WHr/Windows 11/Office 2021/Eclipse Gray/1.85 Kg) GU605MI-QP253WS","₹2,09,990",2.3
"Storio Toys Educational Learning Laptop Toy with LED Display and Music Effect | Preschool Learning for Babies, Girls, Boys & Toddlers | Power Source: 3xAA Battery (Not Included) - Pink",₹348,4.2
"Lenovo LOQ 2024 AMD Ryzen 5 7235HS | NVIDIA RTX 3050 6GB (24GB RAM/512GB SSD/15.6"" (39.6cm)/Windows 11/Office Home 2024/100% sRGB/3 Mon. Game Pass/Grey/2.4Kg), 83JC00EFIN Gaming Laptop","₹66,490",3.3
"ASUS Vivobook 15,13th Gen,Intel Core i7-13620H(Intel UHD iGPU/16GB RAM/512GB SSD/FHD/15.6""/60Hz/Backlit Keyboard/Windows 11/M365 Basic (1Year)*/Office Home 2024/Quiet Blue/1.70 kg) X1502VA-BQ838WS","₹63,990",1.9
"ASUS ProArt PX13,AMD AMD Ryzen AI 9 365 Creator/Gaming Laptop(NVIDIA RTX 4050-6GB/24GB RAM/1TB SSD/3K OLED Touch Screen/13.3""/60Hz/73WHr/Windows 11/Office 2021/Nano Black/1.13 kg) HN7306WU-LX001WS","₹1,59,990",5.0
"HP 255 G9 Ryzen 3 Dual Core AMD Ryzen 3 Processor 3250U - (8 GB/512 GB SSD/AMD Radeon Graphics) 9H237PT Thin and Light Laptop (15.6 inch, Black, 1.47 kg), with Windows 11","₹23,990",2.0
"Lenovo LOQ 2024, AMD Ryzen 7 7435HS, NVIDIA RTX 4060-8GB, 24GB RAM, 512GB SSD, 15.6""/39.6cm, Windows 11, MS Office Home 2024, Grey, 2.4Kg, 83JC00EHIN, 100% sRGB, 3 Mon. Game Pass Gaming Laptop","₹90,990",4.4
"Apple 2024 MacBook Pro Laptop with M4 chip with 10‑core CPU and 10‑core GPU: Built for Apple Intelligence, (14.2″) Liquid Retina XDR Display, 16GB Unified Memory, 512GB SSD Storage; Space Black","₹1,62,990",5.0
"Acer Aspire Lite 12th Gen Intel Core i7-1255U Premium Metal Laptop (Win11 Home/16GB RAM/512GB SSD/MS Office) AL15-52, 39.62cm (15.6"") Full HD Display, Metal Body, Backlit Keyboard, Steel Gray, 1.59KG","₹47,990",3.9
"Lenovo IdeaPad Slim 1 AMD Ryzen 5 5500U 15.6"" HD Thin and Light Laptop (16GB/512GB SSD/Integrated AMD Graphics/Windows 11 Home/MSO 21/1Yr ADP Free/Cloud Grey/1.61Kg), 82R400ERIN","₹39,750",4.0
"Lenovo Yoga Slim 7 Snapdragon X Elite X1E Built in-AI with Copilot+ 14""(35.5cm) 3K OLED 500Nits Touchscreen Laptop (32GB/1TB SSD/90Hz/Qualcomm NPU 45TOPS/Win11/MSO/1Yr ADP Free/Grey/1.4Kg), 83ED003BIN","₹1,20,990",No rating
HP 14s Core i3 12th Gen (8GB RAM/512GB SSD/FHD/14 (35.6 cm)/ Windows 11/ MS Office 21/Backlit Keyboard/Silver/1.46kg) dq5138TU Laptop,"₹36,990",4.1
"Lenovo V15 Intel Core i7 12th Gen 15.6"" (39.62 cm) FHD (1920x1080) Antiglare 250 nits Thin and Light Laptop (16GB RAM/512GB SSD/Windows 11 Home/Iron Grey/1Y Onsite/1.7 kg), 82TTA08AIN","₹48,490",3.4
"ASUS Vivobook 15,13th Gen,Intel Core i3-1315U (Intel UHD iGPU/16GB RAM/512GB SSD/FHD/15.6""/60Hz/Backlit Keyboard/Windows 11/M365 Basic (1Year)*/Office Home 2024/Quiet Blue/1.70 kg) X1504VA-NJ2325WS","₹39,990",4.1
No name,No price,No rating
No name,No price,No rating
No name,No price,No rating
No name,No price,No rating
No name,No price,No rating
No name,No price,No rating
"Lenovo IdeaPad Slim 1 AMD Ryzen 5 5500U 15.6"" HD Thin and Light Laptop (16GB/512GB SSD/Integrated AMD Graphics/Windows 11 Home/MSO 21/1Yr ADP Free/Cloud Grey/1.61Kg), 82R400ERIN","₹39,750",4.0
"MSI Claw, Intel 1st Gen. Ultra 7 155H,Built-in AI, 18CM FHD 120Hz Handheld Gaming Console(16GB/1TB NVMe SSD/Windows 11 Home/Intel Arc/Black/675g), A1M-217IN","₹49,990",2.7
"ASUS Vivobook 15, Intel Core i3-1315U, 13th Gen, 8GB RAM, 512GB SSD, FHD, 15.6""/39.62cm, Windows 11, MS Office, Silver, 1.7KG, X1504VA-NJ320WS, Backlit Keyboard, Thin and Light Laptop","₹36,990",4.3
"ASUS Vivobook 16X 12th Gen,Intel Core i5-12500H Creator/Gaming Laptop(NVIDIA RTX 2050-4GB/16GB/512GB/FHD+/16.0""/144Hz/Backlit KB/50WHr/Windows 11/Office 2021/Cool Silver/1.67 kg) K3605ZF-RP258WS","₹57,990",3.5
"Lenovo IdeaPad 3, Intel Core i3-1215U, 12th Gen, 8GB RAM, 512GB SSD, FHD, 14""/35.5cm, Windows 11, MSOffice 2021, Arctic Grey, 1.43Kg, 82RJ00FUIN, 1 Year Warranty, 3months Game Pass, Thin& Light Laptop","₹33,350",3.9
"Lenovo Legion Pro 5 Intel Core i9-14900HX 16"" (40.64cm) WQXGA IPS 500Nits 240Hz Gaming Laptop (32GB/1TB SSD/Win 11/Office 2021/NVIDIA RTX 4070 8GB/100% DCI-P3/3 Month Game Pass/Grey/2.5Kg), 83DF003PIN",No price,4.0
"MSI Thin A15, Ryzen 7 7735HS, 40CM FHD 144Hz Gaming Laptop(16GB/1 TB NVMe SSD/Windows 11 Home/NVIDIA GeForce RTX 4060, GDDR6 8GB/Cosmos Gray/1.86Kg), B7VF-064IN","₹92,990",3.9
"Chuwi HeroBook Pro 14.1'' Intel Celeron N4020 Laptop with 8GB RAM, 256GB SSD, Windows 11, 1TB Expand, FHD IPS, Ultra Slim, USB3.0, Mini-HDMI, Webcam","₹16,990",3.5
"Lᥱnovo ThinkPad T490 Touch Screen Laptop Intᥱl Core i7 8th Gen 14-inch Full HD Thin and Light (512GB SSD/16GB RAM/Win 10 pro),Black (Rᥱfurbishᥱd)","₹22,995",No rating
"MSI Vector 17 HX, Intel 14th Gen. i9-14900HX, 43CM QHD+ 240Hz Gaming Laptop (32GB/2TB NVMe SSD/Windows 11 Home/NVIDIA GeForce RTX 4070, GDDR6 8GB/Cosmos Black/3Kg), A14VGG-239IN","₹2,47,211",5.0
"HP Pavilion x360, 13th Gen Intel Core i5-1335U, 14-inch (35.6 cm), FHD, Touchscreen, 16GB DDR4, 1TB SSD, FPR, 5 MP Camera, Backlit KB, Audio by B&O, Pen (Win 11, MSO 2021, Gold, 1.51 kg), ek1009TU","₹78,990",3.7
"HP Victus, 12th Gen Intel Core i5-12450H, RTX 3050, 16GB DDR4,512GB SSD (Win11, Office21, Blue,2.3kg) 144Hz, 9MS, IPS, 15.6-inch(39.6cm), Flicker-free Gaming Laptop, Enhanced Cooling,fa1379TX/fa1412tx","₹66,990",3.3
"HP Victus, AMD Ryzen 5 5600H, NVIDIA RTX 3050, 16GB DDR4, 512GB SSD (Win11, Office21, Blue, 2.37kg) 144Hz, 9MS, IPS, 15.6-inch(39.6cm) Gaming Laptop, Backlit kb, Enhanced Cooling, fb0106AX/Fb0112AX","₹62,990",4.1
"Dell [Smartchoice] G15-5530 Gaming Laptop, Intel Core i5-13450HX, 16GB DDR5, 1TB, NVIDIA RTX 3050,6GB GDDR6,15.6"" (39.62cm) FHD 120Hz 250 nits,Backlit KB Orange,Win 11 + MSO'21,Dark Shadow Gray,2.65kg","₹76,962",3.9
STRIFF Adjustable Laptop Tabletop Stand Patented Riser Ventilated Portable Foldable Compatible with MacBook Notebook Tablet Tray Desk Table Book with Free Phone Stand (Black),₹249,4.3
"Acer Aspire Lite,13th Gen, Intel Core i3-1305U, 16GB RAM, 512GB SSD, Full HD, 15.6""/39.62cm, Windows 11 Home, Steel Gray, 1.59KG, AL15-53, Metal Body, 36 WHR, Thin and Light Premium Laptop","₹34,980",3.8
"ASUS TUF Gaming A15, 15.6"" (39.62cm) FHD 16:9 144Hz, AMD Ryzen 7 7435HS, Gaming Laptop (16 DDR5/512GB SSD/NVIDIA GeForce RTX 2050/Windows 11 Home/Graphite Black/2.30 Kg), FA506NFR-HN045W","₹58,990",3.9
"MSI Stealth 16 AI Studio, Intel Core Ultra 7 155H,Built-in AI, 41CM QHD+ 240Hz Gaming Laptop(32GB/1TB NVMe SSD/Windows 11 Home/NVIDIA GeForce RTX 4060, GDDR6 8GB/Star Blue/1.99Kg), A1VFG-058IN","₹1,44,645",4.0
"Lenovo IdeaPad Slim 5, Intel Core i5-12450H, 12th Gen, 16GB RAM, 512GB SSD, WUXGA+ IPS, 14""/35.5cm, Windows 11, MS Office 2021, Cloud Grey, 1.46Kg, 83BF000UIN, Backlit KB, FHD Camera, Alexa Laptop","₹58,000",4.0
"Lenovo V15 G4 (2024), AMD Ryzen 3 7320U Quad Core - (8GB/512GB SSD/AMD Radeon Graphics/Windows 11 Home) Thin and Light Business Laptop/15.6"" FHD Display/Arctic Grey/1.57 kg/MS Office 2021","₹26,990",3.9
"Lenovo IdeaPad Slim 3 Ryzen 5 5625U 15.6"" (39.6cm) FHD Thin and Light Laptop (16GB RAM/512GB SSD/Integrated AMD Radeon Graphics/Windows 11/Office Home 2024/Grey/1.6Kg), 82XM00QDIN","₹42,490",No rating
"Lenovo IdeaPad Flex 5 12th Gen Intel Core i5-1235U 14""(35.56cm) WUXGA IPS 2-in-1 Laptop (16GB/512GB SSD/Win 11/Office 21/Backlit KB/Fingerprint/FHD Camera/Alexa/3 mon Game Pass/Grey/1.5Kg), 82R700JJIN","₹63,990",3.9
No name,No price,No rating
No name,No price,No rating
No name,No price,No rating
No name,No price,No rating
No name,No price,No rating
No name,No price,No rating
"ASUS Vivobook 15,13th Gen,Intel Core i7-13620H(Intel UHD iGPU/16GB RAM/512GB SSD/FHD/15.6""/60Hz/Backlit Keyboard/Windows 11/M365 Basic (1Year)*/Office Home 2024/Quiet Blue/1.70 kg) X1502VA-BQ838WS","₹63,990",1.9
"ASUS Vivobook 15,13th Gen,Intel Core i3-1315U (Intel UHD iGPU/16GB RAM/512GB SSD/FHD/15.6""/60Hz/Backlit Keyboard/Windows 11/M365 Basic (1Year)*/Office Home 2024/Quiet Blue/1.70 kg) X1504VA-NJ2325WS","₹39,990",4.1
"MSI Stealth 16 AI Studio, Intel 1st Gen. Ultra 9 185H, Built-in AI, 41CM QHD+ 240Hz Gaming Laptop (32GB/2TB NVMe SSD/Windows 11 Pro/NVIDIA GeForce RTX 4070, GDDR6 8GB/Star Blue/1.9Kg), A1VGG-057IN","₹1,99,990",No rating
"Lenovo V15 G4 AMD Athlon Silver 7120U Laptop 8GB LPDDR5 Ram, 512 GB SSD PCIe, Windows 11 Lifetime Validity,15.6"" FHD Screen, AMD Radeon 610M, Silver, 1 Year Brand Warranty","₹24,990",4.0
"Acer Predator Helios 16 Gaming Laptop 14th Gen Intel Core i9 Processor (Windows 11 Home/16 GB/1 TB SSD/NVIDIA GeForce RTX 4070) PH16-72 with 40.64 cm (16"") WQXGA Display","₹1,88,000",3.4
"Lenovo IdeaPad Slim 1 Intel® Celeron® N4020 15.6 inch (39.6cm) Thin & Light Laptop (8GB RAM/512GB SSD/Windows 11 Home/Office Home & Student 2021/1Yr ADP Free/Grey/1.3Kg), 82V700KHIN","₹23,400",3.7
"Lenovo IdeaPad Slim 3 Intel Core i3 12th Gen 15.6"" (39.62cm) FHD Thin & Light Laptop (8GB/512GB SSD/Intel UHD Graphics/Windows 11/MSO 21/1Yr ADP Free/3months Game Pass/Arctic Grey/1.63Kg), 82RK00VTIN","₹35,990",3.9
"Zebronics NC5500D Powerful Laptop Cooler with Dual 125mm Fans, Silent Operation, Adjustable Fan Speed, Display, Controls, USB, 5 Step Retractable Stand and Mobile Holder",₹779,3.9
"Acer ALG Intel Core i5-13th Gen 13420H Processor, NVIDIA GeForce RTX 3050-6GB DDR6(16 GB RAM/512GB SSD) FHD, 15.6""/39.62cm, 144Hz,Windows 11 Home, Steel Gray, 1.99kg, AL15G-53, Gaming Laptop","₹63,999",4.0
"(Refurbished) HP OMEN Gaming Laptop, Ryzen 7 7840HS 40.9 cm (16.1inch) FHD, 165hz, 7ms Response time(16GB DDR5, 1TB SSD)/ NVIDIA® GeForce RTX™ 4060/ B&O/Backlit Kb/Win 11/MSO, 16-xf0060AX","₹92,641",1.0
"MSI Thin 15, Intel Core i5-13420H, 40CM FHD 144Hz Gaming Laptop(8GB/512GB NVMe SSD/Windows 11 Home/NVIDIA GeForce RTX 2050,GDDR6 4GB /Cosmos Gray/1.86Kg), B13UCX-1808IN","₹56,990",3.3
"ASUS Vivobook S14,Intel Core Ultra 5 (Series 2),Copilot+ AI PC(Intel Arc iGPU/40TOPS/16GB RAM/512GB SSD/FHD+/14""/60Hz/Windows 11/M365 Basic (1Year)*/Office Home 2024/Mist Blue/1.30 kg) S5406SA-QD098WS","₹94,990",No rating
"ASUS ROG Zephyrus G16, 16 ""(40.64cm) ROG Nebula Oled 240Hz,Intel Core Ultra 9, Gaming Laptop(32GB LPDDR5X/1TB SSD/NVIDIA GeForce RTX 4080 /Windows 11/Office 2021/Eclipse Gray/1.85 Kg), GU605MZ-CO931WS","₹2,84,808",No rating
"Dell Alienware x15 R1 Gaming Laptop, Intel Core i7-11800H Processor/ 16GB/ 1TB SSD/Win 11 + MSO'21/ NVIDIA RTX 3060 6GB/ 15.6"" (39.62cm) FHD 300 nits 360Hz + Alien FX/Lunar Light/ 2.27kg","₹2,46,990",No rating
"ASUS TUF Gaming A15, 15.6"" FHD 16:9, 144Hz 250nits, AMD Ryzen 7 7435HS Processor, Gaming Laptop (16GB RAM/512GB SSD/RTX 4060/Win 11/Office Home/90WHr Battery/Mecha Gray/2.2 Kg),FA507NVR-LP104WS","₹93,990",4.2
"Lenovo V15 Intel Core i7 12th Gen 15.6"" (39.62 cm) FHD (1920x1080) Antiglare 250 nits Thin and Light Laptop (16GB RAM/512GB SSD/Windows 11 Home/Iron Grey/1Y Onsite/1.7 kg), 82TTA08AIN","₹48,490",3.4
"HP 15, 13th Gen Intel Core i5-1334U Laptop (8GB RAM, 512GB SSD), Anti-Glare, 15.6""/39.6cm, FHD, Win 11, MS Office 2021, Silver, 1.59Kg, Intel UHD Graphics, FHD Camera, Backlit KB, fd0220TU","₹50,490",3.3
"VayuBook Laptop 14.1 Inch FHD IPS Display (4GB Ram,128GB SSD) 1920 * 1080 Resolution | HD Gemini Lake N4020 | Windows 11 Home | UHD Graphics 600 (Cloud Silver)","₹12,990",3.3
"HP Laptop 245 G10 (2024), AMD Ryzen 5 7530U-(8GB/512GB SSD/AMD Radeon Graphics/Windows 11 Pro) Thin and Light Business Laptop/14.0""/Grey Black/1.36 kg/MS Office 2021 Pro Plus","₹33,490",4.0
"Dyazo 6 Angles Adjustable Aluminum Ergonomic Foldable Portable Tabletop Laptop/Desktop Riser Stand Holder Compatible for MacBook, HP, Dell, Lenovo & All Other Notebook (Silver)",₹349,4.3
"ASUS Vivobook 16,Intel Core Ultra 5 (Series 2),Thin & Light(Intel iGPU/16GB RAM/512GB SSD/FHD+/16""/60Hz/Backlit Keyboard/Windows 11/M365 Basic (1Year)*/Office Home 2024/Blue/1.88 kg) X1607CA-MB139WS","₹75,990",3.2
"CHUWI CoreBook X Pro Laptop 12thGen i5-12450H Processor 15.6"" Laptop with 16GB DDR4 RAM and 512GB SSD, FHD Display, Backlit Keyboard, Windows 11, Gray, 3xUSB3.0,1xHDMI,SD Card Slot,3.5MM,Camera Switch","₹32,990",3.6
No name,No price,No rating
No name,No price,No rating
No name,No price,No rating
No name,No price,No rating
No name,No price,No rating
No name,No price,No rating
"HP Pavilion x360, 13th Gen Intel Core i5-1335U, 14-inch (35.6 cm), FHD, Touchscreen, 16GB DDR4, 1TB SSD, FPR, 5 MP Camera, Backlit KB, Audio by B&O, Pen (Win 11, MSO 2021, Silver, 1.51 kg), ek1010TU","₹77,990",3.8
"CHUWI CoreBook X Laptop 12thGen i3-1220P Processor, 8GB DDR4 RAM and 512GB SSD, Intel® UHD Graphics,14.0"" FHD IPS Display, Backlit Keyboard, Windows 11 Home, WIFI6, BT5.2, 3.5MM Jack, Metal Body, Grey","₹24,990",3.6
"HP Victus, AMD Ryzen 5 5600H, NVIDIA RTX 3050, 16GB DDR4, 512GB SSD (Win11, Office21, Blue, 2.37kg) 144Hz, 9MS, IPS, 15.6-inch(39.6cm) Gaming Laptop, Backlit kb, Enhanced Cooling, fb0106AX/Fb0112AX","₹62,990",4.1
"Kreo Tundra 5 Fans RGB Laptop Cooling Pad with Dual USB Port, 5 Adjustable Height Angles with LCD Display and 10 RGB Modes for Gaming Laptop, Silent Cooling Pad with Under 21 dBA","₹1,999",4.1
"Acer Aspire Lite,13th Gen, Intel Core i3-1305U, 16GB RAM, 512GB SSD, Full HD, 15.6""/39.62cm, Windows 11 Home, Steel Gray, 1.59KG, AL15-53, Metal Body, 36 WHR, Thin and Light Premium Laptop","₹34,980",3.8
"(Refurbished) Lenovo Thinkpad X390 (Core i5 8th Gen/ 8GB Ram/ 256GB SSD/ WebCam/ 13.3 "" Non Touch)","₹23,999",1.7
"Lenovo Tab Plus with Octa JBL Hi-Fi Speakers| 8 GB RAM, 256 GB ROM| 11.5 Inch, 2K, 90 Hz Refresh| Wi-Fi Tablet| Android 14| 45 W Fast Charger| Built-in Kickstand| Color: Luna Grey","₹20,999",4.3
"ASUS Vivobook Go 14, 14"" FHD (1920 x 1080), AMD Ryzen 5 7520U Processor,(8GB RAM/512GB SSD/AMD Radeon iGPU/Windows 11/M365 Basic (1Year)*/Office Home 2024/Silver/1.38 kg), E1404FA-NK5521WS","₹37,990",No rating
"MSI Katana A17 AI, AMD 8th Gen. Ryzen 9 8945HS,Built-in AI, 44CM Laptop(16GB/1TB NVMe SSD/Windows 11 Home/Nvidia GeForce RTX4050, 6GB GDDR6/Black/2.6Kg), B8VE-884IN","₹1,14,990",4.5
"MSI Katana A17 AI, AMD Ryzen 9 8945HS,Built-in AI, 44CM FHD 144Hz Gaming Laptop(16GB/1TB NVMe SSD/Windows 11 Home/NVIDIA GeForce RTX 4070, GDDR6 8GB/Black/2.7Kg), B8VG-868IN","₹1,36,668",4.7
"HP 15, AMD Ryzen 5 7520U, 16GB DDR5, 512GB SSD, (Win 11, Office 21, Silver, 1.59kg), Anti-Glare, Micro-Edge, 15.6-inch(39.6cm), FHD Laptop, AMD Radeon Graphics, 1080p FHD Camera, Backlit KB, fc0156AU","₹42,990",3.3
"Lenovo V15 Intel Core i7 12th Gen 15.6"" (39.62 cm) FHD (1920x1080) Antiglare 250 nits Thin and Light Laptop (16GB RAM/512GB SSD/Windows 11 Home/Iron Grey/1Y Onsite/1.7 kg), 82TTA08AIN","₹48,490",3.4
"HP Spectre x360, Enhanced by AI, Intel Core Ultra 7 155H, 16-inch (40.6 cm), OLED 400 nits 120Hz, 32GB, 2TB SSD, Touch w/Pen, 9MP IR Camera w/Shutter, Poly Studio (Win 11, Black, 1.95 kg), aa0665TU","₹1,87,990",4.2
"Dyazo 6 Angles Adjustable Aluminum Ergonomic Foldable Portable Tabletop Laptop/Desktop Riser Stand Holder Compatible for MacBook, HP, Dell, Lenovo & All Other Notebook (Silver)",₹349,4.3
"HP 15S AMD Ryzen 5000 (16GB Ram/512GB SSD/Fhd/Windows 11/Ms Office 21/Backlit Keyboard/ 15.6"" (39.6 Cm)/Silver/2.21 Kg) Eq2305Au/Eq2182Au Laptop","₹44,000",4.0
"Lᥱnovo ThinkPad T490 Touch Screen Laptop Intᥱl Core i7 8th Gen 14-inch Full HD Thin and Light (512GB SSD/16GB RAM/Win 10 pro),Black (Rᥱfurbishᥱd)","₹22,995",No rating
"Acer Aspire 3 Intel Core i3-1305U Processor Laptop with 35.56 cm (14"") Full HD LED-Backlit IPS Display (16 GB RAM/512 GB SSD/WiFi 6/Intel Graphics/Win11 Home/65W) A324-53, Steel Gray, 1.45KG","₹33,990",4.0
"ASUS Vivobook 15, Intel Core i3-1315U, 13th Gen, 8GB RAM, 512GB SSD, FHD, 15.6""/39.62cm, Windows 11, MS Office, Silver, 1.7KG, X1504VA-NJ320WS, Backlit Keyboard, Thin and Light Laptop","₹36,990",4.3
"Lenovo Yoga 7 Intel Evo Core Ultra 5 125H Built in-AI 14""(35.5cm) WUXGA OLED 400Nits 2-in-1 Laptop (16GB/512GB SSD/Win 11/MSO 21/100% DCI-P3/3 Mon. Game Pass/Tidal Teal/1.5Kg), 83DJ00AKIN","₹94,990",3.6
"HP 250 G9 Intel Celeron Dual Core 4500u - (8 GB/256 GB SSD/Windows 11) Laptop (15.6 inch, Silver, 1.75 kg)","₹22,690",3.3
"ASUS Vivobook 15,13th Gen,Intel Core i7-13620H(Intel UHD iGPU/16GB RAM/512GB SSD/FHD/15.6""/60Hz/Backlit Keyboard/Windows 11/M365 Basic (1Year)*/Office Home 2024/Quiet Blue/1.70 kg) X1502VA-BQ838WS","₹63,990",1.9
"ASUS Vivobook 15,13th Gen,Intel Core i5-1335U,Thin & Light (Intel Iris Xᵉ iGPU/16GB RAM/512GB SSD/FHD/15.6""/60Hz/Backlit Keyboard/42WHrs/Windows 11/Office 2021/Cool Silver/1.70 kg) X1504VA-NJ540WS","₹50,990",4.1
No name,No price,No rating
No name,No price,No rating
No name,No price,No rating
No name,No price,No rating
No name,No price,No rating
No name,No price,No rating
"ASUS Vivobook 15,13th Gen,Intel Core i7-13620H(Intel UHD iGPU/16GB RAM/512GB SSD/FHD/15.6""/60Hz/Backlit Keyboard/Windows 11/M365 Basic (1Year)*/Office Home 2024/Quiet Blue/1.70 kg) X1502VA-BQ838WS","₹63,990",1.9
"ASUS Vivobook S14,Intel Core Ultra 5 (Series 2),Copilot+ AI PC(Intel Arc iGPU/40TOPS/16GB RAM/512GB SSD/FHD+/14""/60Hz/Windows 11/M365 Basic (1Year)*/Office Home 2024/Mist Blue/1.30 kg) S5406SA-QD098WS","₹94,990",No rating
"Lenovo LOQ, Intel Core i5-13450HX, 13th Gen, NVIDIA RTX 3050-6GB, 16GB RAM, 512GB SSD, FHD 144Hz 300Nits, 15.6""/39.6cm, Windows 11, MS Office 21, Grey, 2.4Kg, 83DV00BHIN, 100% sRGB Gaming Laptop","₹74,990",4.0
"HP Spectre x360, Enhanced by AI, Intel Core Ultra 7 155H, 16-inch (40.6 cm), OLED 400 nits 120Hz, 32GB, 2TB SSD, Touch w/Pen, 9MP IR Camera w/Shutter, Poly Studio (Win 11, Black, 1.95 kg), aa0665TU","₹1,87,990",4.2
"Acer [SmartChoice Aspire Lite AMD Ryzen 5-5625U Premium Thin and Light Laptop (8 GB RAM/512 GB SSD/Win11 Home) AL15-41, 39.62 cm (15.6""), Multicolour","₹33,490",4.5
"Alienware m18 R2 Gaming Laptop, i9-14900HX, 64GB, 1TB SSD, NVIDIA®GeForce RTX™ 4090, 16GB GDDR6, 18""(45.72cm) QHD+CompfortView Plus, English US AlienFX RGB Backlit Keyboard, Dark Metallic Moon, 4.23kg","₹4,49,990",No rating
"Lenovo V15 12th Gen Intel Core i7-1255U 15.6"" FHD Thin and Light Laptop (16GB RAM/512GB SSD/Windows 11 Home/MS Office Home & Student 2021/Iron Grey/1.70 kg), 82TTA073IN","₹45,990",3.4
"MSI Stealth 16 AI Studio, Intel Core Ultra 7 155H,Built-in AI, 41CM QHD+ 240Hz Gaming Laptop(32GB/1TB NVMe SSD/Windows 11 Home/NVIDIA GeForce RTX 4060, GDDR6 8GB/Star Blue/1.99Kg), A1VFG-058IN","₹1,44,645",4.0
"ASUS Vivobook Go 14, AMD Ryzen 5 7520U,Thin & Light (AMD Radeon iGPU/16GB RAM/512GB SSD/FHD/14/60Hz/42WHrs/Windows 11/M365 Basic (1Year)*/Office Home 2024/Cool Silver/1.38 kg) E1404FA-NK5541WS","₹41,890",4.4
"Lenovo Ideapad Flex 5 AMD Ryzen 5 5500U 14"" (35.5Cm) WUXGA+ IPS 2-In-1 Laptop (16GB/512GB SSD/Windows 11/Ms Office Home 2024/Backlit Kb/Fingerprint/Fhd Camera/3 Month Game Pass/Grey/1.55Kg),82R900HPIN","₹57,990",4.0
"ASUS Vivobook 15,13th Gen,Intel Core i3-1315U (Intel UHD iGPU/16GB RAM/512GB SSD/FHD/15.6""/60Hz/Backlit Keyboard/Windows 11/M365 Basic (1Year)*/Office Home 2024/Quiet Blue/1.70 kg) X1504VA-NJ2325WS","₹39,990",4.1
"ASUS Vivobook 16,Intel Core Ultra 5 (Series 2),Thin & Light(Intel iGPU/16GB RAM/512GB SSD/FHD+/16""/60Hz/Backlit Keyboard/Windows 11/M365 Basic (1Year)*/Office Home 2024/Blue/1.88 kg) X1607CA-MB139WS","₹75,990",3.2
"Lenovo V15 AMD Ryzen 7 7730U 15.6"" (39.62cm) FHD 250 Nits Antiglare Thin and Light Laptop (16GB/512GB SSD/Windows 11/Iron Grey/1.65 Kg) Grey","₹40,990",4.0
"MSI CreatorPro X17 HX, Intel 13th Gen. i9-13980HX,44CM UHD 144Hz Mini LED Creator Laptop (64GB/4TB NVMe SSD/Windows 11 Pro/NVIDIA RTX™ 3500 Ada, GDDR6 12GB/Core Black/3.3Kg), A13VKS-249IN","₹5,00,990",3.5
HP 14s Core i3 12th Gen (8GB RAM/512GB SSD/FHD/14 (35.6 cm)/ Windows 11/ MS Office 21/Backlit Keyboard/Silver/1.46kg) dq5138TU Laptop,"₹36,990",4.1
"Lenovo Legion Pro 5 Intel Core i9-14900HX 16"" (40.64cm) WQXGA IPS 500Nits 240Hz Gaming Laptop (32GB/1TB SSD/Win 11/Office 2021/NVIDIA RTX 4070 8GB/100% DCI-P3/3 Month Game Pass/Grey/2.5Kg), 83DF003PIN",No price,4.0
"Acer Aspire 3 Intel Core i3-1305U Processor Laptop with 35.56 cm (14"") Full HD LED-Backlit IPS Display (16 GB RAM/512 GB SSD/WiFi 6/Intel Graphics/Win11 Home/65W) A324-53, Steel Gray, 1.45KG","₹33,990",4.0
"AmazonBasics 2-in-1 Laptop and Mobile Stand, Ergonomic, Adjustable Height, Anti-Slip Base, Heat Dissipation, Portable, Lightweight, Compatible with All Laptops Up to 15.6"" (Abs, Black)",₹249,4.1
"Florican Portable Invisible Laptop Riser Stand | Mini Aluminum Cooling Pad, Lightweight Laptop Desk Stand for MacBook, Lenovo, Dell, HP & Other Laptops (Cool Silver)",₹269,4.3
"HP Victus Gaming Laptop, AMD Ryzen 5 5600H, AMD 4GB Radeon RX 6500M Graphics, 15.6-inch (39.6 cm), FHD, IPS, 8GB DDR4, 512GB SSD, Backlit KB, B&O (Win 11, Blue, 2.29 kg), fb0147AX","₹49,990",3.6
"Lenovo IdeaPad Slim 1 AMD Ryzen 5 5500U 15.6"" HD Thin and Light Laptop (16GB/512GB SSD/Integrated AMD Graphics/Windows 11 Home/MSO 21/1Yr ADP Free/Cloud Grey/1.61Kg), 82R400ERIN","₹39,750",4.0
"MSI Thin 15, Intel Core i5-13420H, 40CM FHD 144Hz Gaming Laptop(8GB/512GB NVMe SSD/Windows 11 Home/NVIDIA GeForce RTX 2050,GDDR6 4GB /Cosmos Gray/1.86Kg), B13UCX-1808IN","₹56,990",3.3
No name,No price,No rating
No name,No price,No rating
No name,No price,No rating
No name,No price,No rating
No name,No price,No rating
No name,No price,No rating
"ASUS Vivobook 15,13th Gen,Intel Core i7-13620H(Intel UHD iGPU/16GB RAM/512GB SSD/FHD/15.6""/60Hz/Backlit Keyboard/Windows 11/M365 Basic (1Year)*/Office Home 2024/Quiet Blue/1.70 kg) X1502VA-BQ838WS","₹63,990",1.9
"ASUS Vivobook 15,13th Gen,Intel Core i3-1315U (Intel UHD iGPU/16GB RAM/512GB SSD/FHD/15.6""/60Hz/Backlit Keyboard/Windows 11/M365 Basic (1Year)*/Office Home 2024/Quiet Blue/1.70 kg) X1504VA-NJ2325WS","₹39,990",4.1
"HP OMEN, AMD Ryzen 7-7840HS, 8GB NVIDIA GeForce RTX 4060 Gaming Laptop (32GB RAM, 1TB SSD), 165Hz, 7ms, IPS, 16.1""/40.9cm, Win 11, Office 2021, Black, 2.37Kg, RGB KB, Tempest Cooling, xd0017AX","₹1,19,990",3.6
"Acer [SmartChoice Aspire Lite AMD Ryzen 5-5625U Premium Thin and Light Laptop (8 GB RAM/512 GB SSD/Win11 Home) AL15-41, 39.62 cm (15.6""), Multicolour","₹33,490",4.5
"HP Laptop 250 G9 (2024), Intel Core i7 12th Gen 1255U - (16GB/512GB SSD/Intel Iris Xe Graphics/Windows 11) Thin and Light Business Laptop/15.6"" (39.62cm) FHD/Silver/1.57 kg/MS Office 2021","₹63,000",No rating
"Lenovo V15 Intel Core i5 11th Gen 15.6"" FHD Thin and Light Laptop (16GB RAM/512GB SSD/Windows 11 Home/MS Office Home & Student 2021/Iron Grey/1.70 kg),82KB00RJIH (V15 G2 ITL)","₹42,890",3.9
"Lenovo V15 G4 (2024), AMD Ryzen 5 7520U Quad Core - (8GB/512GB SSD/AMD Radeon Graphics/Windows 11) Thin and Light Business Laptop/MS Office","₹32,940",3.7
"Lenovo V15 G4 (2024), AMD Ryzen 3 7320U Quad Core - (8GB/512GB SSD/AMD Radeon Graphics/Windows 11 Home) Thin and Light Business Laptop/15.6"" FHD Display/Arctic Grey/1.57 kg/MS Office 2021","₹26,990",3.9
"Lenovo Legion Pro 7 Intel Core i9-14900HX 16"" (40.6cm) WQXGA IPS 500Nits 240Hz Gaming Laptop (32GB/1TB SSD/Win 11/Office 21/NVIDIA RTX 4080 12GB/100% DCI-P3/3mon Xbox Game Pass/Black/2.6Kg),83DE001HIN","₹2,69,990",3.5
"MSI Thin 15, Intel 13th Gen. Core i5-13420H, 40CM FHD 144Hz Gaming Laptop(16GB/512GB NVMe SSD/Windows 11 Home/NVIDIA GeForce RTX 3050,GDDR6 4GB/Cosmos Gray/1.86Kg), B13UC-1805IN","₹63,583",4.1
"ASUS Vivobook S14,Intel Core Ultra 5 (Series 2),Copilot+ AI PC(Intel Arc iGPU/40TOPS/16GB RAM/512GB SSD/FHD+/14""/60Hz/Windows 11/M365 Basic (1Year)*/Office Home 2024/Mist Blue/1.30 kg) S5406SA-QD098WS","₹94,990",No rating
"ASUS Vivobook 16,Intel Core Ultra 5 (Series 2),Thin & Light(Intel iGPU/16GB RAM/512GB SSD/FHD+/16""/60Hz/Backlit Keyboard/Windows 11/M365 Basic (1Year)*/Office Home 2024/Blue/1.88 kg) X1607CA-MB139WS","₹75,990",3.2
"Acer Nitro V 15, AMD Ryzen 7 7735HS Octa-core Processor, NVIDIA GeForce RTX 3050-6 GB GDDR6(16 GB DDR5/512GB) IPS FHD, 15.6""/39.62cm,144Hz, Win 11 Home, Obsidian Black, 2.1 KG,ANV15-41, Gaming Laptop","₹70,990",4.1
"Dell 5400 Touchscreen Intel-8650U, 8GB DDR4 RAM, 256GB SSD, 14"" (35.6Cm) FHD, Int?L UHD Graphics, HD Camera, Thin & Light (Win 10, MS Office, Black, 1.48Kg) (Refurbished)(Laptop)","₹22,995",No rating
"HP 15s, 12th Gen Intel Core i3-1215U, 8GB DDR4, 512GB SSD, (Win 11, Office 21, Silver, 1.69kg) Anti-glare, Micro-edge, 15.6-inch(39.6cm) FHD laptop, Intel UHD Graphics, HD camera, Backlit KB, fq5327tu","₹35,690",4.0
"HP 15 AMD Ryzen 3 7320U (8GB LPDDDR5 Ram/512GB NVMe M.2 SSD/Anti Glare, Micro Edge/15.6"" (39.6 Cm) FHD/Backlit Keyboard/Win11 Home+MS Office'21/ AMD Radeon Graphics, HD Camera/1.59Kg/Silver) Fc0026AU","₹30,590",3.9
"Acer Aspire Lite with Intel Core i3-N305 Processor (Windows 11 Home/8 GB/512 GB), 15.6"" Display with IPS (1.75 KG)","₹29,990",No rating
"Lenovo V15 Intel Celeron N4500 15.6"" (39.62 cm) FHD (1920x1080) Antiglare 250 Nits Thin and Light Laptop (8GB RAM/256GB SSD/DOS/Black/1Y Onsite/1.7 kg), 82QYA00HIN","₹21,490",3.5
"ASUS Vivobook Go 14, AMD Ryzen 5 7520U,Thin & Light (AMD Radeon iGPU/16GB RAM/512GB SSD/FHD/14/60Hz/42WHrs/Windows 11/M365 Basic (1Year)*/Office Home 2024/Cool Silver/1.38 kg) E1404FA-NK5541WS","₹41,890",4.4
"Acer Aspire Lite, 13th Gen, Intel Core i5-1334U, 16GB RAM, 512GB SSD, Full HD, 15.6""/39.62cm, Windows 11 Home, MS Office, Steel Gray, 1.59KG, AL15-53, Metal Body, Thin and Light Premium Laptop","₹48,990",3.6
"Lenovo IdeaPad Slim 1 AMD Ryzen 5 5500U 15.6"" HD Thin and Light Laptop (16GB/512GB SSD/Integrated AMD Graphics/Windows 11 Home/MSO 21/1Yr ADP Free/Cloud Grey/1.61Kg), 82R400ERIN","₹39,750",4.0
"Lenovo IdeaPad Slim 1 Intel® Celeron® N4020 15.6 inch (39.6cm) Thin & Light Laptop (8GB RAM/512GB SSD/Windows 11 Home/Office Home & Student 2024/1Yr ADP Free/Cloud Grey/1.54Kg), 82V700L2IN","₹25,990",2.9
No name,No price,No rating
No name,No price,No rating
No name,No price,No rating
No name,No price,No rating
No name,No price,No rating
No name,No price,No rating
"ASUS Vivobook 15,13th Gen,Intel Core i7-13620H(Intel UHD iGPU/16GB RAM/512GB SSD/FHD/15.6""/60Hz/Backlit Keyboard/Windows 11/M365 Basic (1Year)*/Office Home 2024/Quiet Blue/1.70 kg) X1502VA-BQ838WS","₹63,990",1.9
"ASUS Vivobook S14,Intel Core Ultra 5 (Series 2),Copilot+ AI PC(Intel Arc iGPU/40TOPS/16GB RAM/512GB SSD/FHD+/14""/60Hz/Windows 11/M365 Basic (1Year)*/Office Home 2024/Mist Blue/1.30 kg) S5406SA-QD098WS","₹94,990",No rating
"ASUS Vivobook 15,13th Gen,Intel Core i5-13420H(Intel UHD iGPU/16GB RAM/512GB SSD/FHD/15.6""/60Hz/Backlit Keyboard/Windows 11/M365 Basic (1Year)*/Office Home 2024/Quiet Blue/1.70 kg) X1502VA-BQ836WS","₹53,990",1.7
"MSI Thin 15, Intel 13th Gen. Core i5-13420H, 40CM FHD 144Hz Gaming Laptop(16GB/512GB NVMe SSD/Windows 11 Home/NVIDIA GeForce RTX 3050,GDDR6 4GB/Cosmos Gray/1.86Kg), B13UC-1805IN","₹63,583",4.1
"HP 15s, 12th Gen Intel Core i3-1215U, 8GB DDR4, 512GB SSD, (Win 11, Office 21, Silver, 1.69kg) Anti-glare, Micro-edge, 15.6-inch(39.6cm) FHD laptop, Intel UHD Graphics, HD camera, Backlit KB, fq5327tu","₹35,690",4.0
"Dell Inspiron 3530 Thin & Light Laptop, 13th Gen Intel Core i3-1305U/8GB/512GB SSD/15.6"" (39.62cm) 120Hz Refresh Rate on a FHD IPS Display/Windows 11 + MSO'21+McAfee 15 Month/Carbon Black/1.62kg","₹37,490",3.9
"Lenovo IdeaPad Slim 5 12th Gen Intel Core i5 12450H 14"" (36cm) WUXGA IPS 300Nits Thin and Light Laptop (16GB/1TB SSD/Win 11/Office 21/BacklitKB/FHD Camera/Alexa/3 Mon Game Pass/Grey/1.46Kg),83BF0043IN","₹61,990",4.0
"HP 14 AI, Intel Core Ultra 7 155H AI Powered Laptop (16GB DDR5, 512GB SSD), Anti-Glare, 14""/35.6cm, FHD Windows 11, MS Office 21, Silver, 1.4kg, Intel Arc Graphics, FHD Camera w/Shutter, gr1023TU","₹83,490",3.1
"Lenovo IdeaPad Slim 3 AMD Ryzen 7 5700U 15.6"" FHD Thin & Light Laptop (16GB/512GB SSD/Windows 11/Office 2021/1Yr ADP Free/Arctic Grey/1.65Kg), 82KU024JIN","₹45,990",4.3
"Lenovo IdeaPad 3 12th Gen Intel Core i3-1215U 15 Inch (39.65cm) FHD Thin & Light Laptop (16GB/512GB SSD/Windows 11/Office 2021/1Yr ADP Free/3months Game Pass/Arctic Grey/1.63Kg), 82RK017RIN","₹34,150",4.1
"ASUS Vivobook 15,13th Gen,Intel Core i3-1315U (Intel UHD iGPU/16GB RAM/512GB SSD/FHD/15.6""/60Hz/Backlit Keyboard/Windows 11/M365 Basic (1Year)*/Office Home 2024/Quiet Blue/1.70 kg) X1504VA-NJ2325WS","₹39,990",4.1
"ASUS Vivobook 16,Intel Core Ultra 5 (Series 2),Thin & Light(Intel iGPU/16GB RAM/512GB SSD/FHD+/16""/60Hz/Backlit Keyboard/Windows 11/M365 Basic (1Year)*/Office Home 2024/Blue/1.88 kg) X1607CA-MB139WS","₹75,990",3.2
"Lenovo Yoga Slim 7 Aura Edition, Intel Core Ultra 7 258V, 32GB RAM, 1TB SSD, 15""/38.86cm, Windows 11, MS Office Home 2024, Grey, 1.53Kg, 83HM004NIN, Copilot+ PC AI Powered Laptop","₹1,47,990",4.8
"HP 15, AMD Ryzen 5 7520U, 16GB DDR5, 512GB SSD, (Win 11, Office 21, Silver, 1.59kg), Anti-Glare, Micro-Edge, 15.6-inch(39.6cm), FHD Laptop, AMD Radeon Graphics, 1080p FHD Camera, Backlit KB, fc0156AU","₹42,990",3.3
"Dell (Smartchoice) Inspiron 13 Laptop with AI Enabled Intel Core Ultra 5 125H Processor,16GB LPDDR5X,512GB SSD,13.3"" (33.78cm) QHD+ Display,Backlit KB + FPR,Win 11+MSO'24,15 Month McAfee,Silver,1.24kg","₹88,820",No rating
"Acer Aspire 3 Spin 14, Intel Core i3-N305, 8GB RAM, 512GB SSD, WUXGA 14"", Touchscreen 2-in-1, Windows 11 Home, MS Office, Obsidian Black, 1.54KG, A3SP14-31PT, AES Pen Solution Laptop","₹41,990",4.2
"Lenovo V15 G4 AMD Athlon Silver 7120U Laptop 8GB LPDDR5 Ram, 512 GB SSD PCIe, Windows 11/MS Office,15.6"" FHD Screen, AMD Radeon 610M, Silver, 1 Year Brand Warranty","₹24,990",2.6
"MSI CreatorPro X17 HX, Intel 13th Gen. i9-13980HX,44CM UHD 144Hz Mini LED Creator Laptop (64GB/4TB NVMe SSD/Windows 11 Pro/NVIDIA RTX™ 3500 Ada, GDDR6 12GB/Core Black/3.3Kg), A13VKS-249IN","₹5,00,990",3.5
"ASUS Laptop L210 11.6? Ultra Thin, Intel Celeron N4020 Processor, 4GB RAM, 64GB eMMC Storage, Windows 10 Home in S Mode with One Year of Office 365 Personal, L210MA-DB02,Star Black","₹32,000",4.2
"AVITA Laptop PURA S101 14"" INCH CELERON 8GB RAM, 256GB SSD","₹19,269",No rating
"Lenovo IdeaPad Slim 1 AMD Ryzen 5 5500U 15.6"" HD Thin and Light Laptop (16GB/512GB SSD/Integrated AMD Graphics/Windows 11 Home/MSO 21/1Yr ADP Free/Cloud Grey/1.61Kg), 82R400ERIN","₹39,750",4.0
"ASUS Vivobook 15, Intel Core i3-1315U, 13th Gen, 8GB RAM, 512GB SSD, FHD, 15.6""/39.62cm, Windows 11, MS Office, Silver, 1.7KG, X1504VA-NJ320WS, Backlit Keyboard, Thin and Light Laptop","₹36,990",4.3
No name,No price,No rating
No name,No price,No rating
No name,No price,No rating
No name,No price,No rating
No name,No price,No rating
No name,No price,No rating
"HP Pavilion Plus, 13th Gen Intel Core i5-1335U Laptop (16GB DDR5, 512GB SSD) IPS WUXGA Anti-Glare, 14""/35.6cm, Win 11, Office 21, Silver, 1.44kg, Intel Iris Xe Graphics, 5MP IR Camera, ew0116TU","₹72,490",3.8
"Lenovo V15 12th Gen Intel Core i7-1255U 15.6"" FHD Thin and Light Laptop (16GB RAM/512GB SSD/Windows 11 Home/MS Office Home & Student 2021/Iron Grey/1.70 kg), 82TTA073IN","₹45,990",3.4
"HP 15, AMD Ryzen 5 7520U, 16GB DDR5, 512GB SSD, (Win 11, Office 21, Silver, 1.59kg), Anti-Glare, Micro-Edge, 15.6-inch(39.6cm), FHD Laptop, AMD Radeon Graphics, 1080p FHD Camera, Backlit KB, fc0156AU","₹42,990",3.3
"ASUS Vivobook 15 (2023), Intel Core i5-1335U 13th Gen, 15.6"" (39.62 Cms) FHD, Thin and Light Laptop (8GB RAM /512GB SSD/Intel Iris X?/Windows 11/Office 2021/Fingerprint/Silver/1.7 Kg),X1504VA-NJ524WS","₹46,990",2.2
"Acer Aspire Lite 11th Gen Intel Core i5 Premium Metal Laptop (16GB RAM/512GB SSD/Intel Iris Xe Graphics/Windows 11 Home) AL15-51, 39.62cm (15.6"") Full HD Display, Metal Body, Steel Gray, 1.59 Kg","₹43,990",3.8
"HP Pavilion x360, 13th Gen Intel Core i5-1335U, 14-inch (35.6 cm), FHD, Touchscreen, 16GB DDR4, 1TB SSD, FPR, 5 MP Camera, Backlit KB, Audio by B&O, Pen (Win 11, MSO 2021, Silver, 1.51 kg), ek1010TU","₹77,990",3.8
"Acer One 14 Thin and Light Laptop AMD Ryzen 3 3250U Processor (Windows 11 Home/8GB RAM/256GB SSD/AMD Radeon Graphics) Z2-493 with 35.56 cm (14.0"") HD Display (Silver)","₹24,990",3.7
"Lenovo V15 Intel Core i5 12th Gen 15.6"" (39.62 cm) FHD (1920x1080) Antiglare 250 nits Thin and Light Laptop (8GB RAM/512GB SSD/DOS/Iron Grey/1.7 kg), 82TT004VIH","₹42,270",4.7
"MagicRaven Portable Monitor, 15.6"" 1920 * 1080P IPS Laptop Screen, 60Hz Lightweight and Slim Travel Monitor with Full-Featured USB C HDMI Port, Gaming Display for PC Switch Xbox PS3/4/5","₹10,999",4.4
"ASUS Vivobook 15, Intel Core i3-1215U, 16GB RAM, 512GB SSD, FHD 1920x1080, 1.2 GHz, 15.6"", Windows 11, MS Office Home, Cool Silver, 1.7KG, X1504ZA-NJ342WS, Integrated Graphics, Thin & Light Laptop","₹35,980",4.0
"HP Laptop 15s, AMD Ryzen 5 5500U, 15.6-inch (39.6 cm), FHD, 8GB DDR4, 512GB SSD, AMD Radeon Graphics, Thin & Light, Dual Speakers (Win 11, MSO 2019, Silver, 1.69 kg), eq2144AU","₹36,923",4.1
"ASUS Vivobook 15,13th Gen,Intel Core i7-13620H(Intel UHD iGPU/16GB RAM/512GB SSD/FHD/15.6""/60Hz/Backlit Keyboard/Windows 11/M365 Basic (1Year)*/Office Home 2024/Quiet Blue/1.70 kg) X1502VA-BQ838WS","₹63,990",1.9
"Lenovo V14 G3 14"" FHD Laptop, Intel Core i5-1235U, 16GB DDR4 RAM, 512GB SSD, Intel Iris Xe Graphics, Windows 11 Iron Grey,1.6kg, 1 Year Onsite Brand Warranty","₹40,990",3.3
"HP Laptop 15s, 12th Gen Intel Core i3-1215U, 15.6-inch (39.6 cm), FHD, 16GB DDR4, 512GB SSD, Intel UHD Graphics, Thin & Light, Dual Speakers (Win 11, MSO 2021, Silver, 1.69 kg), fy5004TU","₹38,390",4.0
"Acer Aspire 3 Spin 14, Intel Core i3-N305, 8GB RAM, 512GB SSD, WUXGA 14"", Touchscreen 2-in-1, Windows 11 Home, MS Office, Obsidian Black, 1.54KG, A3SP14-31PT, AES Pen Solution Laptop","₹41,990",4.2
"HP 15, 13th Gen Intel Core i7-1355U (16GB DDR4, 512GB SSD) Microsoft365* Office2024, Win11, 15.6inch(39.6cm) FHD Laptop, Intel Iris Xe, FHD Camera w/Privacy Shutter, Backlit, Silver, 1.59kg, fd0468tu","₹72,419",1.0
"HP Victus Gaming Laptop, AMD Ryzen 5 5600H, AMD 4GB Radeon RX 6500M Graphics, 15.6-inch (39.6 cm), FHD, IPS, 8GB DDR4, 512GB SSD, Backlit KB, B&O (Win 11, Blue, 2.29 kg), fb0147AX","₹49,990",3.6
"Lenovo Ideapad Flex 5 AMD Ryzen 5 5500U 14"" (35.5Cm) WUXGA+ IPS 2-In-1 Laptop (16GB/512GB SSD/Windows 11/Ms Office Home 2024/Backlit Kb/Fingerprint/Fhd Camera/3 Month Game Pass/Grey/1.55Kg),82R900HPIN","₹57,990",4.0
"ASUS Vivobook 16X 13th Gen,Intel Core i5-13420H Creator/Gaming Laptop(NVIDIA RTX 3050-4GB/16GB/512GB/FHD+/16.0""/144Hz/Windows 11/M365 Basic(1Year)*/Office Home 2024/Indie Black/1.67 kg)K3605VC-RP412WS","₹68,990",3.5
"Lenovo Legion 9 2024 Intel Core i9-14900HX 16"" (40.64cm) 3.2K Mini LED 1200Nits 165Hz Gaming Laptop (64GB/2TB SSD/Win 11/Office 2021/NVIDIA RTX 4090 16GB/3 Month Game Pass/Black/2.6Kg), 83G0003AIN","₹4,29,990",No rating
"HP Pavilion x360, 13th Gen Intel Core i5-1335U, 14-inch (35.6 cm), FHD, Touchscreen, 16GB DDR4, 1TB SSD, FPR, 5 MP Camera, Backlit KB, Audio by B&O, Pen (Win 11, MSO 2021, Silver, 1.51 kg), ek1010TU","₹77,990",3.8
"ASUS Vivobook 15, Intel Core i3-1215U, 15.6"" FHD 16:9 60Hz 250nits, (8GB RAM/512GB SSD/Intel UHD Graphics/Win 11 Home/Office 2021/Backlit/42WHr Battery/Cool Silver/1.7 Kg), X1504ZA-NJ320WS","₹32,990",3.8
No name,No price,No rating
No name,No price,No rating
No name,No price,No rating
No name,No price,No rating
No name,No price,No rating
No name,No price,No rating
"HP 15, AMD Ryzen 5 7520U, 16GB DDR5, 512GB SSD, (Win 11, Office 21, Silver, 1.59kg), Anti-Glare, Micro-Edge, 15.6-inch(39.6cm), FHD Laptop, AMD Radeon Graphics, 1080p FHD Camera, Backlit KB, fc0156AU","₹42,990",3.3
"HP Laptop 15s, AMD Ryzen 5 5500U, 15.6-inch (39.6 cm), FHD, 8GB DDR4, 512GB SSD, AMD Radeon Graphics, Thin & Light, Dual Speakers (Win 11, MSO 2019, Silver, 1.69 kg), eq2144AU","₹36,923",4.1
"Lenovo Thinkbook 16 AMD Ryzen 7 16"" WUXGA IPS Antiglare 300 NITS Thin and Light Laptop (16GB Ram/512GB SSD/Windows 11 Home/Fpr/Office 2021/Arctic Grey/1 Year Onsite/1.7 Kg), 21KKA0G1IN","₹52,990",4.1
"ASUS Vivobook 15, Intel Core i3-1215U, 1.2 GHz, 16GB RAM, 512GB SSD, FHD 1920x1080, 15.6"", Windows 11, MS Office Home, Quiet Blue, 1.7KG, X1504ZA-NJ341WS, Integrated Graphics, Thin & Light Laptop","₹35,990",4.0
"Dell Alienware x16 Gaming Laptop, Intel Core i9 13900HK Processor/32GB/2TB SSD/NVIDIA RTX 4090 16GB GDDR6/ 16""(40.64cm) QHD+ 240Hz, 3ms, DCI-P3 100%/Win 11+MSO'21+McAfee 15 Month/Lunar Silver/2.72kg","₹3,14,990",2.6
"HP 15, 13th Gen Intel Core i3-1315U Laptop (8GB DDR4, 512GB SSD) Anti-Glare, Micro-Edge, 15.6""/39.6cm, FHD, Win 11, MS Office 21, Silver, 1.59kg, Intel UHD Graphics, 1080p FHD Camera, fd0186TU","₹38,490",3.6
"HP Victus, 12th Gen Intel Core i5-12450H, NVIDIA RTX 2050 Gaming Laptop (16GB DDR4, 512GB SSD), 144Hz, IPS, 15.6""/39.6cm, FHD, Win 11, Office 21, Blue, 2.3kg, Enhanced Cooling, fa1227TX/fa1314TX","₹62,990",4.0
"Lenovo Legion 9 2024 Intel Core i9-14900HX 16"" (40.64cm) 3.2K Mini LED 1200Nits 165Hz Gaming Laptop (64GB/2TB SSD/Win 11/Office 2021/NVIDIA RTX 4090 16GB/3 Month Game Pass/Black/2.6Kg), 83G0003AIN","₹4,29,990",No rating
"Lenovo IdeaPad Slim 5 Ryzen 7 7735HS (16GB RAM/512GB SSD/Integrated AMD Radeon 680M Graphics/WUXGA IPS Display/13.3"" (33.7cm)/Windows 11/Office Home 2024/Backlit KB/Grey/1.15Kg), 83J2000HIN Laptop","₹62,190",3.9
"HP 15s, Intel Core i5 12th Gen-1235U Laptop (8GB RAM, 512GB SSD) Anti-Glare, 15.6""/39.6cm, FHD, Win 11, Office 2021, Silver, 1.69Kg, Intel UHD Graphics, Backlit Keyboard, HD Camera, fy5008TU","₹46,490",4.1
"CHUWI CoreBook X Pro Laptop 12thGen i5-12450H Processor 15.6"" Laptop with 16GB DDR4 RAM and 512GB SSD, FHD Display, Backlit Keyboard, Windows 11, Gray, 3xUSB3.0,1xHDMI,SD Card Slot,3.5MM,Camera Switch","₹32,990",3.6
"HP 15, AMD Ryzen 5 7520U (8GB LPDDR5, 512GB SSD) Anti-Glare, FHD,15.6-inch (39.6 cm) Win 11, Office 21, FHD Camera with Privacy Shutter,15s-fc0155AU","₹37,990",3.4
"HP 15, Intel Core Ultra 5-125H AI Powered Laptop (16GB RAM, 512GB SSD), IPS, 300nits, 15.6""/39.6cm, FHD, Win 11, Office 2021, Silver, 1.65Kg, Intel Arc Graphics, FHD Camera, Backlit KB, fd1099TU","₹67,990",2.9
"Lenovo V15 Gen 4 Laptop, 15.6"" FHD Display, AMD Ryzen 3 7320U Processor, RJ-45, USB-C, HDMI, Windows 11 /MS Office (8GB LPDDR5 RAM 5500 MHz | 512GB PCIe SSD), Silver, 1 Year Brand Warranty","₹27,810",3.6
"Alienware m18 R2 Gaming Laptop, i9-14900HX, 64GB, 1TB SSD, NVIDIA®GeForce RTX™ 4090, 16GB GDDR6, 18""(45.72cm) QHD+CompfortView Plus, English US AlienFX RGB Backlit Keyboard, Dark Metallic Moon, 4.23kg","₹4,49,990",No rating
"Dell Inspiron 3530 13th Gen Laptop, Intel Core i3-1305U/8GB/512GB SSD/15.6"" (39.62cm) FHD WVA AG 120Hz 250 nits Narrow Border/Windows 11+MSO'21/McAfee 15 Month/Platinum Silver/1.62kg","₹36,900",3.9
"ASUS Vivobook Go 15 (OLED) 2023, AMD Ryzen 3 7320U, 15.6"" (39.62 cm) FHD OLED, Thin & Light Laptop (8GB/512GB SSD/Windows 11/Office 2021/Alexa Built-in/Backlit KB/Mixed Black/1.63 kg), E1504FA-LK322WS","₹35,980",4.2
"ASUS Vivobook Go 15 (2023), AMD Ryzen 3 7320U, 15.6-inch (39.62 cm) FHD, Thin & Light Laptop (8GB/512GB SSD/Windows 11/Office 2021/Alexa Built-in/Mixed Black/1.63 kg), E1504FA-NJ322WS","₹29,990",3.2
"Dell Vostro 3520, I5-1235U Processor | Windows 11 Home, Intel Iris Xe Graphics (16GB RAM) | 512GB SSD|Window11|Ms Office'21|15.6""(39.62 Cm) |15 Month McAfee/Titan Grey/1.69Kg Laptop","₹49,990",4.0
"HP Omen 16 Max, Ultra 9 275HX, 16GB NVIDIA GeForce RTX 5080 Gaming AI Laptop (32GB DDR5, 1TB SSD) 60-240 Hz, 3ms, IPS, WQXGA, 16''/40.6cm, Win11, M365* Office24, Black, 2.68kg, RGB Backlit, ah0076TX","₹3,09,999",5.0
"HP Pavilion x360, 13th Gen Intel Core i5-1335U, 14-inch (35.6 cm), FHD, Touchscreen, 16GB DDR4, 1TB SSD, FPR, 5 MP Camera, Backlit KB, Audio by B&O, Pen (Win 11, MSO 2021, Silver, 1.51 kg), ek1010TU","₹77,990",3.8
"Lenovo V15 Intel Core i7 12th Gen 15.6"" (39.62 cm) FHD (1920x1080) Antiglare 250 nits Thin and Light Laptop (16GB RAM/512GB SSD/Windows 11 Home/Iron Grey/1Y Onsite/1.7 kg), 82TTA08AIN","₹48,490",3.4
No name,No price,No rating
No name,No price,No rating
No name,No price,No rating
No name,No price,No rating
No name,No price,No rating
No name,No price,No rating
"ASUS Zenbook S 14,Intel Core Ultra 7(Series 2),Copilot+ AI PC(Intel Arc iGPU/47TOPS/32GB/1TB/3K OLED Touchscreen/14/Windows 11/M365 Basic (1Year)*/Office Home 2024/White/1.20 kg) UX5406SA-PZ7762WS","₹1,49,906",No rating
"ASUS Vivobook 15,13th Gen,Intel Core i7-13620H(Intel UHD iGPU/16GB RAM/512GB SSD/FHD/15.6""/60Hz/Backlit Keyboard/Windows 11/M365 Basic (1Year)*/Office Home 2024/Quiet Blue/1.70 kg) X1502VA-BQ838WS","₹63,990",1.9
"Dell Inspiron 3530 13th Gen Laptop, Intel Core i3-1305U/8GB/512GB SSD/15.6"" (39.62cm) FHD WVA AG 120Hz 250 nits Narrow Border/Windows 11+MSO'21/McAfee 15 Month/Platinum Silver/1.62kg","₹36,900",3.9
"Dell Vostro 3520, I5-1235U Processor | Windows 11 Home, Intel Iris Xe Graphics (16GB RAM) | 512GB SSD|Window11|Ms Office'21|15.6""(39.62 Cm) |15 Month McAfee/Titan Grey/1.69Kg Laptop","₹49,990",4.0
"HP 15s, 12th Gen Intel Core i3-1215 Laptop (8GB RAM, 512GB SSD), Anti-Glare, 15.6""/39.6cm, FHD, Win 11, MS Office 2021, Silver, 1.69Kg, Intel UHD Graphics, HD Camera, Dual Speakers, fy5003TU","₹33,990",3.6
"acer Aspire Lite, 12th Gen, Intel Core i5-12450H, 16GB RAM, 512GB SSD, IPS Full HD, 15.6""/39.62cm, Windows 11 Home, MS Office, Pure Silver, 1.7KG, AL15-52H, Backlit Keyboard, Thin and Light Laptop","₹48,990",4.0
"Lenovo IdeaPad Slim 3 Core i5 13420H (16GB RAM/512GB SSD/15.6"" (39.6cm)/Integrated Intel UHD Graphics/Windows 11/Office Home 2024/1 Year ADP Free/Grey/1.6Kg), 83EM00H0IN Laptop","₹57,890",4.5
"HP Victus, 12th Gen Intel Core i5-12450H, RTX 3050, 16GB DDR4,512GB SSD (Win11, Office21, Blue,2.3kg) 144Hz, 9MS, IPS, 15.6-inch(39.6cm), Flicker-free Gaming Laptop, Enhanced Cooling,fa1379TX/fa1412tx","₹66,990",3.3
"Dell G15-5530 Gaming Laptop, Intel Core i5-13450HX Processor, 16GB DDR5, 512GB,NVIDIA RTX 3050,6GB GDDR6, 15.6"" (39.62cm) FHD 120Hz 250 nits, Backlit KB Orange,Win 11 + MSO'21,Dark Shadow Gray, 2.65kg","₹74,990",3.9
"Acer Aspire Lite, 12th Gen, Intel Core i5-12450H Processor(16 GB RAM/1 TB SSD) IPS FHD, 15.6""/ 39.6cm, Windows 11 Home, Pure Silver, 1.7 Kg, AL15-52H, Backlit Keyboard Laptop","₹51,990",4.0
"CHUWI CoreBook X Pro Laptop 12thGen i5-12450H Processor 15.6"" Laptop with 16GB DDR4 RAM and 512GB SSD, FHD Display, Backlit Keyboard, Windows 11, Gray, 3xUSB3.0,1xHDMI,SD Card Slot,3.5MM,Camera Switch","₹32,990",3.6
"ASUS Zenbook A14,Snapdragon X,Copilot+ AI PC(Qualcomm Adreno iGPU/45TOPS/16GB/512GB/FHD+/14""/Backlit Keyboard/70WHr/Windows 11/M365 Basic(1Year)*/Office Home 2024/Iceland Gray/0.98 kg)UX3407QA-QD259WS","₹99,990",5.0
Lapcare DCX-A101 ChillMate Laptop Cooler (Black),₹649,4.0
"HP Laptop 15s, 12th Gen Intel Core i7-1255U, 15.6-inch (39.6 cm), FHD, 16GB DDR4, 512GB SSD, Intel Iris Xe Graphics, Backlit KB, Thin & Light (Win 11, MSO 2021, Silver, 1.69 kg), fq5190TU","₹64,990",3.8
"Dell Inspiron 3530 Laptop, 13th Gen Intel Core i5-1334U Processor, 16GB, 512GB SSD, 15.6""(39.62cm) FHD 120Hz 250 nits, Backlit KB, Windows 11 + Mso'21 & 15 Month McAfee, Silver, Thin & Light- 1.62kg","₹57,490",3.6
"Lenovo IdeaPad Slim 3, Intel Core i3-1305U, 13th Gen, 8GB RAM, 512GB SSD, FHD, 15.6""/39.6cm, Windows 11, MS Office 2021, Arctic Grey, 1.62Kg, 82X700C8IN, Alexa Built-in, 3 Month Game Pass Laptop","₹35,849",3.9
HP F6V97AA#ACJ External USB DVD-RW Drive,"₹2,899",4.4
"ASUS Vivobook 15,13th Gen,Intel Core i5-13420H(Intel UHD iGPU/16GB RAM/512GB SSD/FHD/15.6""/60Hz/Backlit Keyboard/Windows 11/M365 Basic (1Year)*/Office Home 2024/Cool Silver/1.70 kg) X1502VA-BQ835WS","₹53,990",1.7
"Acer NITRO V 15, AMD Ryzen 7-7735HS octa-core processor, NVIDIA GeForce RTX 4050- 6 GB GDDR6(16GB DDR5, 512GB)IPS FHD, 15.6""/ 39.62cm, 144Hz, Win 11 Home, Obsidian black, 2.1KG, ANV15-41 Gaming Laptop","₹79,990",4.1
"HP 15, 13th Gen Intel Core i5-1334U Laptop (16GB DDR4, 512GB SSD) Anti-Glare, 15.6""/39.6cm, FHD, Win 11, MS Office 21, Silver, 1.59kg, Intel Iris Xe Graphics, 1080p FHD Camera, Backlit KB, fd0221TU","₹56,890",3.8
"Lenovo IdeaPad 1 AMD Athlon Silver 7120U 15.6"" HD Thin and Light Laptop (8GB/512GB SDD/Windows 11 Home/1Year Warranty/Office 2024/Cloud Grey/1.58Kg), 82VG00T6IN","₹26,990",3.9
"Lenovo IdeaPad Slim 3 Ryzen 5 5625U 15.6"" (39.6cm) FHD Thin and Light Laptop (16GB RAM/512GB SSD/Integrated AMD Radeon Graphics/Windows 11/Office Home 2024/Grey/1.6Kg), 82XM00QDIN","₹42,490",No rating
No name,No price,No rating
No name,No price,No rating
No name,No price,No rating
No name,No price,No rating
No name,No price,No rating
No name,No price,No rating
"ASUS Zenbook S 14,Intel Core Ultra 7(Series 2),Copilot+ AI PC(Intel Arc iGPU/47TOPS/32GB/1TB/3K OLED Touchscreen/14/Windows 11/M365 Basic (1Year)*/Office Home 2024/White/1.20 kg) UX5406SA-PZ7762WS","₹1,49,906",No rating
"ASUS Vivobook 15,13th Gen,Intel Core i7-13620H(Intel UHD iGPU/16GB RAM/512GB SSD/FHD/15.6""/60Hz/Backlit Keyboard/Windows 11/M365 Basic (1Year)*/Office Home 2024/Quiet Blue/1.70 kg) X1502VA-BQ838WS","₹63,990",1.9
"HP Pavilion Plus, 13th Gen Intel Core i5-1335U Laptop (16GB DDR5, 512GB SSD) IPS WUXGA Anti-Glare, 14""/35.6cm, Win 11, Office 21, Silver, 1.44kg, Intel Iris Xe Graphics, 5MP IR Camera, ew0116TU","₹72,490",3.8
"Lenovo V14 G3 (2024), Intel Core i3 12th Gen 1215U - (16GB/512GB SSD/Intel UHD Graphics/Windows 11 Home) Thin and Light Business Laptop/14.0"" FHD Display/Iron Grey/1.57 kg/MS Office","₹31,370",4.0
"AmazonBasics 2-in-1 Laptop and Mobile Stand, Ergonomic, Adjustable Height, Anti-Slip Base, Heat Dissipation, Portable, Lightweight, Compatible with All Laptops Up to 15.6"" (Abs, Black)",₹249,4.1
"PLIXIO Adjustable Laptop Stand with 360° Rotating Base Tabletop Ergonomic Foldable Portable Holder Compatible for MacBook, HP, Dell, Lenovo & All Other Notebook (Sliver)","₹2,298",4.3
Dell Latitude 3440 Intel Core i5-12th Gen / 16GB RAM / 512GB SSD / 3 Year Warranty/Windows 11 Pro/FHD/BKL/NO FPR,"₹54,611",3.3
"Samsung Galaxy Book4 (Gray, 16GB RAM, 512GB SSD) | 15.6"" Full HD Screen | Intel Core i7 1355U Processor | Windows 11 Home | MS Office 2021 | Fingerprint Reader | Intel Iris XE Graphics | RJ45 LAN Port","₹63,000",4.5
"Apple 2024 MacBook Pro Laptop with M4 chip with 10‑core CPU and 10‑core GPU: Built for Apple Intelligence, (14.2″) Liquid Retina XDR Display, 14GB Unified Memory, 1TB SSD Storage; Space Black","₹2,01,990",5.0
"HP 255 G10 AMD Ryzen 3 Quad Core 7320U - (8 GB DDR4/512 GB SSD/Windows 11 / AMD Radeon Graphics),15.6 inch, Silver","₹26,900",2.0
"CHUWI CoreBook X Pro Laptop 12thGen i5-12450H Processor 15.6"" Laptop with 16GB DDR4 RAM and 512GB SSD, FHD Display, Backlit Keyboard, Windows 11, Gray, 3xUSB3.0,1xHDMI,SD Card Slot,3.5MM,Camera Switch","₹32,990",3.6
"Lenovo V15 Intel Core i7 12th Gen 15.6"" (39.62 cm) FHD (1920x1080) Antiglare 250 nits Thin and Light Laptop (16GB RAM/512GB SSD/Windows 11 Home/Iron Grey/1Y Onsite/1.7 kg), 82TTA08AIN","₹48,490",3.4
"Acer Aspire Lite, 13th Gen, Intel Core i3-1305U, 8GB RAM, 512GB SSD, Full HD, 15.6""/39.62cm, Windows 11 Home, Steel Gray, 1.59KG, AL15-53, Metal Body, 36 WHR, Thin and Light Premium Laptop","₹31,490",3.8
"MSI Thin 15, Intel 12th Gen. i5-12450H, 40CM FHD 144Hz Gaming Laptop (16GB/512GB NVMe SSD/Windows 11 Home/MSO 2021/NVIDIA GeForce RTX 2050, GDDR6 4GB/Cosmos Gray/1.86Kg) B12UCX-2471IN","₹52,270",No rating
"HP Victus, 13th Gen Intel Core i7-13620H, 8 GB NVIDIA GeForce RTX 4060 Gaming Laptop (16GB RAM, 512GB SSD), 144Hz, IPS, 15.6""/39.6cm, Win 11, Office 2021, Silver, 2.29Kg, B&O, Backlit KB, fa1276TX","₹90,990",3.4
Dyazo Laptop Cooling Pad |Laptop Stand with Cooling Fan | Adjustable Height 5 Step with Mobile Holder Compatible for All laptops & Notebook 11.6/13.3/14 / 15.6 inch - (Black),₹599,3.9
"Acer Nitro V Gaming Laptop AMD Ryzen 5-7535HS with RTX 2050 4 GB Graphics (8 GB DDR5/512GB SSD/Windows 11 Home/Wi-Fi 6/144Hz) ANV15-41, 15.6"" FHD Display, 2.1 KG","₹52,200",3.4
"ZEBRONICS Aluminium Alloy Laptop Stand, Compatible with 9-15.6 inch Laptops, 7 Angles Adjustable Tabletop, Anti Slip Silicon Rubber Pads, Foldable, Velvet Pouch Inside, Zeb-NS2000 (Silver)",₹399,4.3
"ASUS Vivobook 16,Snapdragon X,Copilot+ AI PC(Qualcomm Adreno iGPU/45TOPS/16GB RAM/512GB SSD/FHD+/16""/Backlit Keyboard/Windows 11/M365 Basic (1Year)*/Office Home 2024/Quiet Blue/1.88 kg)X1607QA-MB049WS","₹65,990",4.8
"Portronics My Buddy K Portable Laptop Stand with Adjustable Height, Foldable, OverHeating Protection for Laptops & MacBooks (Grey)",₹498,4.2
"ASUS Zenbook A14,Snapdragon X,Copilot+ AI PC(Qualcomm Adreno iGPU/45TOPS/16GB/512GB/FHD+/14""/Backlit Keyboard/70WHr/Windows 11/M365 Basic(1Year)*/Office Home 2024/Iceland Gray/0.98 kg)UX3407QA-QD259WS","₹99,990",5.0
"Lenovo IdeaPad 1 AMD Athlon Silver 7120U 15.6"" HD Thin and Light Laptop (8GB/512GB SDD/Windows 11 Home/1Year Warranty/Office 2024/Cloud Grey/1.58Kg), 82VG00T6IN","₹26,990",3.9
No name,No price,No rating
No name,No price,No rating
No name,No price,No rating
No name,No price,No rating
No name,No price,No rating
No name,No price,No rating
"StarAndDaisy Baby Multi-Purpose Laptop/Bed Table with Foldable Legs, Adjustable Height Engineered Wood Lap Table -Black","₹1,299",3.8
"Lenovo IdeaPad Slim 1 AMD Ryzen 5 5500U 15.6"" HD Thin and Light Laptop (16GB/512GB SSD/Integrated AMD Graphics/Windows 11 Home/MSO 21/1Yr ADP Free/Cloud Grey/1.61Kg), 82R400ERIN","₹39,750",4.0
"Kreo Tundra 5 Fans RGB Laptop Cooling Pad with Dual USB Port, 5 Adjustable Height Angles with LCD Display and 10 RGB Modes for Gaming Laptop, Silent Cooling Pad with Under 21 dBA","₹1,999",4.1
"Acer Nitro V Gaming Laptop AMD Ryzen 5-7535HS with RTX 2050 4 GB Graphics (8 GB DDR5/512GB SSD/Windows 11 Home/Wi-Fi 6/144Hz) ANV15-41, 15.6"" FHD Display, 2.1 KG","₹52,200",3.4
"ASUS Vivobook 15,13th Gen,Intel Core i7-13620H(Intel UHD iGPU/16GB RAM/512GB SSD/FHD/15.6""/60Hz/Backlit Keyboard/Windows 11/M365 Basic (1Year)*/Office Home 2024/Cool Silver/1.70 kg) X1502VA-BQ837WS","₹63,990",No rating
"HP 15, Intel Core Ultra 5 125H AI Laptop, 12 Tops (16GB DDR5, 1TB SSD) Anti-Glare, 15.6""/39.6cm, FHD, Windows 11, Silver, 1.65kg, Intel Arc Graphics, FHD Camera, Backlit KB, fd1197TU","₹71,990",3.4
"HP Victus Gaming, AMD Ryzen 5 5600H, NVIDIA RTX 3050, 8GB DDR4, 512GB SSD, 15.6-inch(39.6cm), 144Hz, 250Nits, FHD Gaming Laptop, Backlit KB, 720p HD Camera (Win 11, Office 21,Silver, 2.29kg) fb0180AX","₹55,990",5.0
"ASUS Vivobook 14, 14"" FHD (1920 x 1080),Intel Core i3-1315U Processor, (8GB RAM/512GB SSD/Intel UHD iGPU/Windows 11/M365 Basic (1Year)*/Office Home 2024/Quiet Blue/1.40 kg), X1404VA-NK760WS","₹36,990",3.8
HP F6V97AA#ACJ External USB DVD-RW Drive,"₹2,899",4.4
"ASUS Vivobook 16,Snapdragon X,Copilot+ AI PC(Qualcomm Adreno iGPU/45TOPS/16GB RAM/512GB SSD/FHD+/16""/Backlit Keyboard/Windows 11/M365 Basic (1Year)*/Office Home 2024/Quiet Blue/1.88 kg)X1607QA-MB049WS","₹65,990",4.8
Miraggio Arden Laptop Bag | Unisex Laptop Bags With Adjustable & Detachable Strap | Fits Up to 14 Inches Laptop,"₹5,098",No rating
"OGIO Renegade RSS Impact Resistant, Premium Business Travel Laptop (Up to 17"") Unisex, 30L with Crush Proof Pocket, Multi Compartment, Water Resistant Backpack","₹11,992",4.4
"Portable Monitor, 15.6"" 1920 * 1080P IPS Laptop Screen, 60Hz Lightweight and Slim Travel Monitor with Full-Featured USB C HDMI Port, Gaming Display for PC Switch Xbox PS3/4/5","₹10,999",4.4
"Laptop stand Metal ( Aluminium ) Adjustable stand for Better Airflow, Cooling & Posture, Portable Laptop stand for Desk/Table compatible with MacBook, HP, Dell, Lenovo & All Other Notebook",₹269,3.8
"acer Aspire 3 Intel Core i7-1255U/Thin and Light Laptop (Windows 11 Home/16 GB RAM/512GB SSD/45.6WHr) A324-51 with 35.56cm (14"") IPS FHD Display, 1.45 KG","₹47,990",4.0
"Lenovo V15 AMD Ryzen 3 7320U 15.6"" (39.62cm) FHD 250 Nits Antiglare Thin and Light Laptop (8GB/512GB SSD/Windows 11 Home/Arctic Grey/1.65 Kg), 82YU00W7IN","₹27,490",3.9
"ASUS Vivobook S 14 OLED, AMD Ryzen AI 9 HX 370, 2.0GHz, 24GB RAM, 512GB SSD, 3K OLED 16:10 120Hz 400nits, 14"", Windows 11, MS Office 2021, Neutral Black, 1.3KG, M5406WA-PP961WS AI Powered Laptop","₹1,04,990",4.5
"Lenovo LOQ 2024, Intel Core i5-13450HX, 13th Gen, NVIDIA RTX 4050-6GB, 16GB RAM, 512GB SSD, FHD 144Hz, 15.6""/39.6cm, Windows 11, MS Office 21, Grey, 2.4Kg, 83DV007GIN, 1Yr ADP Free Gaming Laptop","₹86,990",4.1
"MSI Modern 15 H AI, Intel 1st Gen. Ultra 7 155H,Built-in AI, 40CM Laptop(16GB/512GB NVMe SSD/Windows 11 Home/MOS 2021/Intel Arc/Classic Black/1.9Kg), C1MG-048IN","₹63,000",3.4
"MSI Raider GE68 HX, Intel 14th Gen. i9-14900HX, 41CM UHD+ MiniLED 120Hz Gaming Laptop(32GB/1TB NVMe SSD/Windows 11 Home/NVIDIA GeForce RTX 4090,GDDR6 16GB/Core Black/2.75Kg), 14VIG-469IN","₹2,85,500",3.9
"WENGER, MX Reload 14 Inch Backpack, 17 Liters Heather Grey Swiss Designed-Blend of Style and Function, 611643","₹3,449",4.8
"Lenovo IdeaPad Slim 3 AMD Ryzen 3 7320U 14"" FHD Thin and Light Laptop (8 GB/512GB SDD/Windows 11 Home/Office Home & Student 2021/1Yr ADP Free/Arctic Grey/1.37Kg), 82XN006JIN","₹30,990",4.0
No name,No price,No rating
No name,No price,No rating
No name,No price,No rating
No name,No price,No rating
No name,No price,No rating
No name,No price,No rating
"Lenovo LOQ 2024, AMD Ryzen 7 7435HS, NVIDIA RTX 4060-8GB, 24GB RAM, 512GB SSD, 15.6""/39.6cm, Windows 11, MS Office Home 2024, Grey, 2.4Kg, 83JC00EHIN, 100% sRGB, 3 Mon. Game Pass Gaming Laptop","₹90,990",4.4
"ASUS Vivobook 15,13th Gen,Intel Core i7-13620H(Intel UHD iGPU/16GB RAM/512GB SSD/FHD/15.6""/60Hz/Backlit Keyboard/Windows 11/M365 Basic (1Year)*/Office Home 2024/Quiet Blue/1.70 kg) X1502VA-BQ838WS","₹63,990",1.9
(Refurbished) Acer Travelmate Business Laptop Intel Celeron N4020 Dual-core Processor ( 4GB DDR4/ 128GB,"₹19,990",No rating
"STRIFF Angles Adjustable Aluminum Ergonomic Foldable Portable Tabletop Laptop/Desktop Riser Stand Holder Compatible for MacBook, HP, Dell, Lenovo & All Other Notebook (Metallic Silver)",₹299,4.1
"Acer Predator Helios Neo 16 Gaming Laptop 14th Gen Intel Core i7 Processor (Windows 11 Home/16 GB/1 TB SSD/NVIDIA GeForce RTX 4050) PHN16-72 with 40.64 cm (16"") WUXGA Display","₹1,13,990",4.1
"HP Victus, 13th Gen Intel Core i7-13620H, 8 GB NVIDIA GeForce RTX 4060 Gaming Laptop (16GB RAM, 512GB SSD), 144Hz, IPS, 15.6""/39.6cm, Win 11, Office 2021, Silver, 2.29Kg, B&O, Backlit KB, fa1276TX","₹90,990",3.4
Dell Latitude 3440 Intel Core i5-12th Gen / 16GB RAM / 512GB SSD / 3 Year Warranty/Windows 11 Pro/FHD/BKL/NO FPR,"₹54,611",3.3
"HP Laptop 15s, 12th Gen Intel Core i7-1255U, 15.6-inch (39.6 cm), FHD, 16GB DDR4, 512GB SSD, Intel Iris Xe Graphics, Backlit KB, Thin & Light (Win 11, MSO 2021, Silver, 1.69 kg), fq5190TU","₹64,990",3.8
Lenovo V14 Intel i5 8th Gen/4GB/256GB SSD/DOS,"₹40,990",3.8
"Dell Inspiron 5440 Laptop,Intel I5-1334U Processor,16GB DDR5 + 1TB SSD,14"" FHD+AG Nontouch 250Nits WVA Display W/Comfortview Support,Backlit KB + FPR,Win11 + MSO'21 + 15 Month Mcafee,Ice Blue,1.54Kg","₹65,290",3.6
"Lenovo V15 Intel Core i7 12th Gen 15.6"" (39.62 cm) FHD (1920x1080) Antiglare 250 nits Thin and Light Laptop (16GB RAM/512GB SSD/Windows 11 Home/Iron Grey/1Y Onsite/1.7 kg), 82TTA08AIN","₹48,490",3.4
"HP Pavilion Plus, 13th Gen Intel Core i5-1335U Laptop (16GB DDR5, 512GB SSD) IPS WUXGA Anti-Glare, 14""/35.6cm, Win 11, Office 21, Silver, 1.44kg, Intel Iris Xe Graphics, 5MP IR Camera, ew0116TU","₹72,490",3.8
"Lenovo V14 G3 (2024), Intel Core i3 12th Gen 1215U - (16GB/512GB SSD/Intel UHD Graphics/Windows 11) Thin and Light Business Laptop/14.0"" FHD Display/Iron Grey/1.57 kg/MS Office 2021","₹32,370",4.8
"ASUS Vivobook 14, 14"" FHD (1920 x 1080),Intel Core i3-1315U Processor, (8GB RAM/512GB SSD/Intel UHD iGPU/Windows 11/M365 Basic (1Year)*/Office Home 2024/Quiet Blue/1.40 kg), X1404VA-NK760WS","₹36,990",3.8
"HP ZBook Studio 12th Gen Intel Core i9-12900H 16 inch(40.6 cm) WQUXGA Display Creator Laptop 500 nits/32GB RAM/1TB SSD/NVIDIA GeForce RTX 3080 Ti 12GB Graphics/Win 11/MSO/B&O/FPR, G9 Workstation PC","₹3,92,934",4.0
"HP EliteBook 840 G10 Notebook, 14"" WUXGA Business Laptop, Intel i5-1335U, 32GB DDR5 RAM, 1TB SSD, Iris Xe Graphics, Backlit, Fingerprint, Wi-Fi 6, Windows 11 Pro & Microsoft Office Lifetime License","₹92,490",4.6
"HP Victus Windows 11 Home Gaming Laptop,AMD Ryzen 7 7840Hs Ai Powered,6Gb RTX 3050 Gpu,16.1-Inch (40.9 Cm),95W Tgp,Fhd,IPS,144Hz,16Gb Ddr5,1Tb Ssd,RGB Backlit Kb,B&O (Mso,Blue,2.29 Kg),S0089Ax","₹78,990",3.8
"HP Victus Gaming Laptop, 12th Gen Intel Core i7-12650H, 4GB RTX 3050 GPU, 15.6-inch (39.6 cm), FHD, IPS, 144Hz, 16GB DDR4, 1TB SSD, Backlit KB, B&O, Dual Speakers (MSO, Silver, 2.29 kg), fa0187TX","₹74,990",4.6
"Lenovo V15 AMD Ryzen 3 7320U 15.6"" (39.62cm) FHD 250 Nits Antiglare Thin and Light Laptop (8GB/512GB SSD/Windows 11 Home/Arctic Grey/1.65 Kg), 82YU00W7IN","₹27,490",3.9
"ASUS Vivobook 15,13th Gen,Intel Core i7-13620H(Intel UHD iGPU/16GB RAM/512GB SSD/FHD/15.6""/60Hz/Backlit Keyboard/Windows 11/M365 Basic (1Year)*/Office Home 2024/Cool Silver/1.70 kg) X1502VA-BQ837WS","₹63,990",No rating
"CHUWI CoreBook X Laptop 12thGen i3-1220P Processor, 8GB DDR4 RAM and 512GB SSD, Intel® UHD Graphics,14.0"" FHD IPS Display, Backlit Keyboard, Windows 11 Home, WIFI6, BT5.2, 3.5MM Jack, Metal Body, Grey","₹24,990",3.6
"Lenovo V15 12th Gen Intel Core i7-1255U 15.6"" FHD Thin and Light Laptop (16GB RAM/512GB SSD/Windows 11 Home/MS Office Home & Student 2021/Iron Grey/1.70 kg), 82TTA073IN","₹45,990",3.4
No name,No price,No rating
No name,No price,No rating
No name,No price,No rating
No name,No price,No rating
No name,No price,No rating
No name,No price,No rating
"CHUWI CoreBook X Pro Laptop 12thGen i5-12450H Processor 15.6"" Laptop with 16GB DDR4 RAM and 512GB SSD, FHD Display, Backlit Keyboard, Windows 11, Gray, 3xUSB3.0,1xHDMI,SD Card Slot,3.5MM,Camera Switch","₹32,990",3.6
"ASUS Vivobook 15,13th Gen,Intel Core i3-1315U (Intel UHD iGPU/16GB RAM/512GB SSD/FHD/15.6""/60Hz/Backlit Keyboard/Windows 11/M365 Basic (1Year)*/Office Home 2024/Quiet Blue/1.70 kg) X1504VA-NJ2325WS","₹39,990",4.1
"SOOPII Laptop Stand + Detachable Mobile Stand, Computer Stand, Ergonomic ABS Laptop Stand/Riser for Desk, with Heat-Vent Design, Compatible with Mac Book, Air, Pro, Dell XPS, Alien Ware, All Laptops",₹260,3.6
"Zebronics K24 Wired USB Keyboard, 104 Keys, Long Life 8 Million Keystrokes, Silent & Comfortable Use, Slim Design, Retractable Stand, 1.5 Meter Textured Cable, UV Coated keycaps",₹349,3.7
"STRIFF Mousepad Mouse Mat 230X190X2mm Mouse pad for Laptop Non-Slip Rubber Base, Waterproof Surface, Compatible with Laser and Optical Mice(Black)(Pack of 2)",₹129,4.3
"EvoFox Typhoon Five Fan Cooling Pad for Laptop | Designed for 35.5-43.18 cm (14-17"")Laptops| Hexa Mesh Metal Surface for Heat Dissipation| Dual USB Port| Fan Speed Control | Free Braided Cable (Black)","₹1,299",4.1
"Lenovo V15 Intel Core i5 11th Gen 15.6"" FHD Thin and Light Laptop (16GB RAM/512GB SSD/Windows 11 Home/MS Office Home & Student 2021/Iron Grey/1.70 kg),82KB00RJIH (V15 G2 ITL)","₹42,890",3.9
"Dyazo Aluminum Laptop Cooling pad | Laptop Stand with Fan | Notebook Cooler | Cooling Fan with Height Settings Compatible for MacBook, Lenovo, Hp & Other laptops upto15.6 Inches (Silver)",₹999,3.9
"EVM 4GB DDR4 Laptop RAM 3200MHz - Unleash Your System's Full Potential - Perfect for Gamers, Office Work, and More - 10 Years Warranty (EVMT4G3200S88P)",₹549,4.0
"Cubiker Engineered Wood Multipurpose Foldable Laptop Table with Cup Holder | Table Home Study Writing Table, Foldable and Portable/Ergonomic Edges (Black - 60[L] X 40[W] X 24[H] Cm)",₹498,4.1
"HP Pavilion x360, 13th Gen Intel Core i5-1335U, 14-inch (35.6 cm), FHD, Touchscreen, 16GB DDR4, 1TB SSD, FPR, 5 MP Camera, Backlit KB, Audio by B&O, Pen (Win 11, MSO 2021, Silver, 1.51 kg), ek1010TU","₹77,990",3.8
"ASUS Vivobook 15,13th Gen,Intel Core i7-13620H(Intel UHD iGPU/16GB RAM/512GB SSD/FHD/15.6""/60Hz/Backlit Keyboard/Windows 11/M365 Basic (1Year)*/Office Home 2024/Quiet Blue/1.70 kg) X1502VA-BQ838WS","₹63,990",1.9
"DYAZO 13"" to 13.3 inch Laptop Sleeve/Cover/Case with Handle & Two Accessories Compatible for Apple, Dell, Lenovo, ASUS, Hp, Samsung, Mi, MacBook and All Other Notebooks (Grey)",₹299,4.2
"Portronics Bridge Y USB 3.0 to Type C OTG Adaptor, 10Gbps High Speed Data Transfer, Thunderbolt to USB Adapter, Compatible for All Type C Devices, Smartphone, Laptops, Tablets, Chargers, MacBook",₹109,4.3
"smashtronics Premium Metal Laptop Stand - Foldable, Height Adjustable Aluminum Note Book Stand (Steel Grey)",₹398,4.2
"Zebronics, ZEB-NC3300 USB Powered Laptop Cooling Pad with Dual Fan, Dual USB Port and Blue LED Lights",₹565,3.9
"Lenovo V15 G4 (2024), AMD Ryzen 5 7520U Quad Core - (8GB/512GB SSD/AMD Radeon Graphics/Windows 11) Thin and Light Business Laptop/MS Office","₹32,940",3.7
Amkette Ergo View Laptop Stand with 7 Adjustment Levels for laptops up to 39.62 cm (12 inch /13 inch /14.1 inch /15.6 inch) (Black),₹699,4.3
"DYAZO 15"" to 15.6 Inch Laptop Sleeve/Cover with Handle & Two Front Accessories Pockets Compatible for Apple, Dell, Lenovo, Asus, Hp, Samsung, Mi, MacBook and Other Notbooks (Grey)",₹299,4.2
Amazon Basics Laptop Bag Sleeve Case Cover Pouch with Handle for Men & Women | 15.6 Inch Laptop with Padded Laptop Compartment | Zipper Closure | Water Repellent Nylon Fabric (Black),₹329,4.2
"Lenovo LOQ 2024, AMD Ryzen 7 7435HS, NVIDIA RTX 4050-6GB, 24GB RAM, 512GB SSD, 15.6""/39.6cm, Windows 11, MS Office Home 2024, Grey, 2.4Kg, 83JC00EGIN, 100% sRGB, 3 Mon. Game Pass Gaming Laptop","₹81,990",4.4
"ASUS Vivobook 15, Intel Core i3-1315U, 13th Gen, 8GB RAM, 512GB SSD, FHD, 15.6""/39.62cm, Windows 11, MS Office, Silver, 1.7KG, X1504VA-NJ320WS, Backlit Keyboard, Thin and Light Laptop","₹36,990",4.3
No name,No price,No rating
No name,No price,No rating
No name,No price,No rating
No name,No price,No rating
No name,No price,No rating
No name,No price,No rating
"ASUS Vivobook 15,13th Gen,Intel Core i3-1315U (Intel UHD iGPU/16GB RAM/512GB SSD/FHD/15.6""/60Hz/Backlit Keyboard/Windows 11/M365 Basic (1Year)*/Office Home 2024/Quiet Blue/1.70 kg) X1504VA-NJ2325WS","₹39,990",4.1
"ASUS Vivobook 15,13th Gen,Intel Core i7-13620H(Intel UHD iGPU/16GB RAM/512GB SSD/FHD/15.6""/60Hz/Backlit Keyboard/Windows 11/M365 Basic (1Year)*/Office Home 2024/Quiet Blue/1.70 kg) X1502VA-BQ838WS","₹63,990",1.9
"Surface Pro Replacement Charger 65W, Microsoft Surface Pro Laptop Charger, Compatible for Surface Pro 10/9/8/7/6/5/4/3/X, Surface Book, Surface Go/3/2/1 Charger","₹2,299",3.9
"boAt EnergyShroom PB600 PowerPulse 27000mAh Power Bank| 160W Total Output, 2xUSB-C (2-Way Port), 2xUSB-A Port, 100W Type-C to C Cable, Compatible w/Laptop, Smartphone, Tablets Earphone,Watch(Gunmetal)","₹4,999",4.0
Artis 65W USB Type C Compatible Laptop Adapter with Power Cable,₹999,3.5
"Dyazo 14.1 Inch Laptop Sleeve Case Cover With Handle And Two Front Pocket Compatible For Lenovo, Hp, Dell, Asus Acer & Other Notebooks (Grey)",₹299,4.3
"HP Victus, AMD Ryzen 5 5600H, NVIDIA RTX 3050, 16GB DDR4, 512GB SSD (Win11, Office21, Blue, 2.37kg) 144Hz, 9MS, IPS, 15.6-inch(39.6cm) Gaming Laptop, Backlit kb, Enhanced Cooling, fb0106AX/Fb0112AX","₹62,990",4.1
"MOCA Hard Laptop Sleeve for MacBook 13-13.3 - 13.6-14 inch Laptop Sleeve Bag for MacBook Pro/Air M1 M2, Surface Laptop 3/2, Dell Inspiron 13/XPS 13, Shockproof & Water-Resistant",₹999,4.3
"ASUS Vivobook 15, Intel Core i3-1315U, 13th Gen, 8GB RAM, 512GB SSD, FHD, 15.6""/39.62cm, Windows 11, MS Office, Silver, 1.7KG, X1504VA-NJ320WS, Backlit Keyboard, Thin and Light Laptop","₹36,990",4.3
Tabelito Laptop Sleeve Bag 15.6 inch for Women | laptops Sleeves 15.6 inches Jute and Vegan Leather,₹499,4.4
"ASUS Vivobook S14,Intel Core Ultra 5 (Series 2),Copilot+ AI PC(Intel Arc iGPU/40TOPS/16GB RAM/512GB SSD/FHD+/14""/60Hz/Windows 11/M365 Basic (1Year)*/Office Home 2024/Mist Blue/1.30 kg) S5406SA-QD098WS","₹94,990",No rating
"CHUWI CoreBook X Pro Laptop 12thGen i5-12450H Processor 15.6"" Laptop with 16GB DDR4 RAM and 512GB SSD, FHD Display, Backlit Keyboard, Windows 11, Gray, 3xUSB3.0,1xHDMI,SD Card Slot,3.5MM,Camera Switch","₹32,990",3.6
"Lenovo IdeaPad 1 AMD Athlon Silver 7120U 15.6"" HD Thin and Light Laptop (8GB/512GB SDD/Windows 11 Home/1Year Warranty/Office 2024/Cloud Grey/1.58Kg), 82VG00T6IN","₹26,990",3.9
"17.3'' Portable Monitor,103% sRGB FHD 1080P IPS Gaming Monitor Laptop Monitor with Built-in Kickstand Speaker HDMI USB C 60Hz External Screen for PC MacBook Mobile Xbox PS5","₹17,999",4.4
"Lenovo 120 Wired Plug & Play USB Mouse, High Resolution 1600 DPI Optical Sensor, 3-Button Design with clickable Scroll Wheel, Ambidextrous, Ergonomic Mouse for Comfortable All-Day Grip (GY51L52636)",₹369,4.4
Amazon Basics Portable Multimedia Speaker| Suitable for Laptop & Desktop (Black) | USB 2.0 | Deep Bass,₹399,3.9
"EVM 4GB DDR4 Laptop RAM 2666MHz - Update Your Laptop's Performance - CL15 Latency - Compatible with Intel, AMD, and Mac Systems - 10 Years Warranty (EVMT4G2666S84P)",₹549,4.1
"Chuwi HeroBook Pro 14.1'' Intel Celeron N4020 Laptop with 8GB RAM, 256GB SSD, Windows 11, 1TB Expand, FHD IPS, Ultra Slim, USB3.0, Mini-HDMI, Webcam","₹16,990",3.5
"TP-LINK WiFi Dongle 300 Mbps Mini Wireless Network USB Wi-Fi Adapter for PC Desktop Laptop(Supports Windows 11/10/8.1/8/7/XP, Mac OS 10.9-10.15 and Linux, WPS, Soft AP Mode, USB 2.0) (TL-WN823N),Black",₹699,4.1
"GadgetBite Felt Matting Laptop Sleeve Case Cover with Hidden Magnet Compatible for MacBook Air & Pro M1/M2, 13 Inches All Laptops, Easy to Carry, Documents Carry, & Prevents Scratches(Grey)",₹249,4.2
"Lenovo IdeaPad Slim 1 AMD Ryzen 5 5500U 15.6"" HD Thin and Light Laptop (16GB/512GB SSD/Integrated AMD Graphics/Windows 11 Home/MSO 21/1Yr ADP Free/Cloud Grey/1.61Kg), 82R400ERIN","₹39,750",4.0
"Lenovo IdeaPad Slim 1 Intel® Celeron® N4020 15.6 inch (39.6cm) Thin & Light Laptop (8GB RAM/512GB SSD/Windows 11 Home/Office Home & Student 2024/1Yr ADP Free/Cloud Grey/1.54Kg), 82V700L2IN","₹25,990",2.9
No name,No price,No rating
No name,No price,No rating
No name,No price,No rating
No name,No price,No rating
No name,No price,No rating
No name,No price,No rating
